solid OpenSCAD_Model
  facet normal -0.989175 -0.14674 0
    outer loop
      vertex 1.69181 -9.83337 0
      vertex 1.66733 -9.66835 2.7
      vertex 1.66733 -9.66835 0
    endloop
  endfacet
  facet normal -0.989175 -0.14674 0
    outer loop
      vertex 1.66733 -9.66835 2.7
      vertex 1.69181 -9.83337 0
      vertex 1.69181 -9.83337 2.7
    endloop
  endfacet
  facet normal -0.998794 -0.0490916 0
    outer loop
      vertex 1.7 -10 0
      vertex 1.69181 -9.83337 2.7
      vertex 1.69181 -9.83337 0
    endloop
  endfacet
  facet normal -0.998794 -0.0490916 0
    outer loop
      vertex 1.69181 -9.83337 2.7
      vertex 1.7 -10 0
      vertex 1.7 -10 2.7
    endloop
  endfacet
  facet normal -0.97004 -0.242945 0
    outer loop
      vertex 1.66733 -9.66835 0
      vertex 1.6268 -9.50652 2.7
      vertex 1.6268 -9.50652 0
    endloop
  endfacet
  facet normal -0.97004 -0.242945 0
    outer loop
      vertex 1.6268 -9.50652 2.7
      vertex 1.66733 -9.66835 0
      vertex 1.66733 -9.66835 2.7
    endloop
  endfacet
  facet normal -0.427412 0.904057 0
    outer loop
      vertex 0.801374 -11.4993 0
      vertex 0.650561 -11.5706 2.7
      vertex 0.801374 -11.4993 2.7
    endloop
  endfacet
  facet normal -0.427412 0.904057 0
    outer loop
      vertex 0.650561 -11.5706 2.7
      vertex 0.801374 -11.4993 0
      vertex 0.650561 -11.5706 0
    endloop
  endfacet
  facet normal 0.0490918 -0.998794 0
    outer loop
      vertex -0.166629 -8.30819 0
      vertex 0 -8.3 2.7
      vertex -0.166629 -8.30819 2.7
    endloop
  endfacet
  facet normal 0.0490918 -0.998794 0
    outer loop
      vertex 0 -8.3 2.7
      vertex -0.166629 -8.30819 0
      vertex 0 -8.3 0
    endloop
  endfacet
  facet normal 0.42751 -0.904011 0
    outer loop
      vertex -0.801374 -8.50073 0
      vertex -0.650561 -8.42941 2.7
      vertex -0.801374 -8.50073 2.7
    endloop
  endfacet
  facet normal 0.42751 -0.904011 0
    outer loop
      vertex -0.650561 -8.42941 2.7
      vertex -0.801374 -8.50073 0
      vertex -0.650561 -8.42941 0
    endloop
  endfacet
  facet normal -0.740932 -0.67158 0
    outer loop
      vertex 1.31412 -8.92153 0
      vertex 1.20208 -8.79792 2.7
      vertex 1.20208 -8.79792 0
    endloop
  endfacet
  facet normal -0.740932 -0.67158 0
    outer loop
      vertex 1.20208 -8.79792 2.7
      vertex 1.31412 -8.92153 0
      vertex 1.31412 -8.92153 2.7
    endloop
  endfacet
  facet normal 0.146854 0.989158 -0
    outer loop
      vertex -0.166629 -11.6918 0
      vertex -0.331653 -11.6673 2.7
      vertex -0.166629 -11.6918 2.7
    endloop
  endfacet
  facet normal 0.146854 0.989158 0
    outer loop
      vertex -0.331653 -11.6673 2.7
      vertex -0.166629 -11.6918 0
      vertex -0.331653 -11.6673 0
    endloop
  endfacet
  facet normal -0.42751 -0.904011 0
    outer loop
      vertex 0.650561 -8.42941 0
      vertex 0.801374 -8.50073 2.7
      vertex 0.650561 -8.42941 2.7
    endloop
  endfacet
  facet normal -0.42751 -0.904011 -0
    outer loop
      vertex 0.801374 -8.50073 2.7
      vertex 0.650561 -8.42941 0
      vertex 0.801374 -8.50073 0
    endloop
  endfacet
  facet normal 0.146736 -0.989176 0
    outer loop
      vertex -0.331653 -8.33267 0
      vertex -0.166629 -8.30819 2.7
      vertex -0.331653 -8.33267 2.7
    endloop
  endfacet
  facet normal 0.146736 -0.989176 0
    outer loop
      vertex -0.166629 -8.30819 2.7
      vertex -0.331653 -8.33267 0
      vertex -0.166629 -8.30819 0
    endloop
  endfacet
  facet normal -0.242774 0.970083 0
    outer loop
      vertex 0.493484 -11.6268 0
      vertex 0.331653 -11.6673 2.7
      vertex 0.493484 -11.6268 2.7
    endloop
  endfacet
  facet normal -0.242774 0.970083 0
    outer loop
      vertex 0.331653 -11.6673 2.7
      vertex 0.493484 -11.6268 0
      vertex 0.331653 -11.6673 0
    endloop
  endfacet
  facet normal 0.595689 -0.803215 0
    outer loop
      vertex -1.07847 -8.68588 0
      vertex -0.944468 -8.5865 2.7
      vertex -1.07847 -8.68588 2.7
    endloop
  endfacet
  facet normal 0.595689 -0.803215 0
    outer loop
      vertex -0.944468 -8.5865 2.7
      vertex -1.07847 -8.68588 0
      vertex -0.944468 -8.5865 0
    endloop
  endfacet
  facet normal 0.904007 -0.427517 0
    outer loop
      vertex -1.57059 -9.34944 2.7
      vertex -1.49927 -9.19863 0
      vertex -1.49927 -9.19863 2.7
    endloop
  endfacet
  facet normal 0.904007 -0.427517 0
    outer loop
      vertex -1.49927 -9.19863 0
      vertex -1.57059 -9.34944 2.7
      vertex -1.57059 -9.34944 0
    endloop
  endfacet
  facet normal 0.427412 0.904057 -0
    outer loop
      vertex -0.650561 -11.5706 0
      vertex -0.801374 -11.4993 2.7
      vertex -0.650561 -11.5706 2.7
    endloop
  endfacet
  facet normal 0.427412 0.904057 0
    outer loop
      vertex -0.801374 -11.4993 2.7
      vertex -0.650561 -11.5706 0
      vertex -0.801374 -11.4993 0
    endloop
  endfacet
  facet normal -0.336874 0.94155 0
    outer loop
      vertex 0.650561 -11.5706 0
      vertex 0.493484 -11.6268 2.7
      vertex 0.650561 -11.5706 2.7
    endloop
  endfacet
  facet normal -0.336874 0.94155 0
    outer loop
      vertex 0.493484 -11.6268 2.7
      vertex 0.650561 -11.5706 0
      vertex 0.493484 -11.6268 0
    endloop
  endfacet
  facet normal 0.595766 0.803158 -0
    outer loop
      vertex -0.944468 -11.4135 0
      vertex -1.07847 -11.3141 2.7
      vertex -0.944468 -11.4135 2.7
    endloop
  endfacet
  facet normal 0.595766 0.803158 0
    outer loop
      vertex -1.07847 -11.3141 2.7
      vertex -0.944468 -11.4135 0
      vertex -1.07847 -11.3141 0
    endloop
  endfacet
  facet normal 0.903996 0.42754 0
    outer loop
      vertex -1.49927 -10.8014 2.7
      vertex -1.57059 -10.6506 0
      vertex -1.57059 -10.6506 2.7
    endloop
  endfacet
  facet normal 0.903996 0.42754 0
    outer loop
      vertex -1.57059 -10.6506 0
      vertex -1.49927 -10.8014 2.7
      vertex -1.49927 -10.8014 0
    endloop
  endfacet
  facet normal -0.514115 -0.857721 0
    outer loop
      vertex 0.801374 -8.50073 0
      vertex 0.944468 -8.5865 2.7
      vertex 0.801374 -8.50073 2.7
    endloop
  endfacet
  facet normal -0.514115 -0.857721 -0
    outer loop
      vertex 0.944468 -8.5865 2.7
      vertex 0.801374 -8.50073 0
      vertex 0.944468 -8.5865 0
    endloop
  endfacet
  facet normal -0.595766 0.803158 0
    outer loop
      vertex 1.07847 -11.3141 0
      vertex 0.944468 -11.4135 2.7
      vertex 1.07847 -11.3141 2.7
    endloop
  endfacet
  facet normal -0.595766 0.803158 0
    outer loop
      vertex 0.944468 -11.4135 2.7
      vertex 1.07847 -11.3141 0
      vertex 0.944468 -11.4135 0
    endloop
  endfacet
  facet normal 0.998794 0.0491004 0
    outer loop
      vertex -1.69181 -10.1666 2.7
      vertex -1.7 -10 0
      vertex -1.7 -10 2.7
    endloop
  endfacet
  facet normal 0.998794 0.0491004 0
    outer loop
      vertex -1.7 -10 0
      vertex -1.69181 -10.1666 2.7
      vertex -1.69181 -10.1666 0
    endloop
  endfacet
  facet normal -0.595689 -0.803215 0
    outer loop
      vertex 0.944468 -8.5865 0
      vertex 1.07847 -8.68588 2.7
      vertex 0.944468 -8.5865 2.7
    endloop
  endfacet
  facet normal -0.595689 -0.803215 -0
    outer loop
      vertex 1.07847 -8.68588 2.7
      vertex 0.944468 -8.5865 0
      vertex 1.07847 -8.68588 0
    endloop
  endfacet
  facet normal -0.97003 0.242987 0
    outer loop
      vertex 1.6268 -10.4935 0
      vertex 1.66733 -10.3317 2.7
      vertex 1.66733 -10.3317 0
    endloop
  endfacet
  facet normal -0.97003 0.242987 0
    outer loop
      vertex 1.66733 -10.3317 2.7
      vertex 1.6268 -10.4935 0
      vertex 1.6268 -10.4935 2.7
    endloop
  endfacet
  facet normal 0.941546 0.336883 0
    outer loop
      vertex -1.57059 -10.6506 2.7
      vertex -1.6268 -10.4935 0
      vertex -1.6268 -10.4935 2.7
    endloop
  endfacet
  facet normal 0.941546 0.336883 0
    outer loop
      vertex -1.6268 -10.4935 0
      vertex -1.57059 -10.6506 2.7
      vertex -1.57059 -10.6506 0
    endloop
  endfacet
  facet normal -0.242943 -0.970041 0
    outer loop
      vertex 0.331653 -8.33267 0
      vertex 0.493484 -8.3732 2.7
      vertex 0.331653 -8.33267 2.7
    endloop
  endfacet
  facet normal -0.242943 -0.970041 -0
    outer loop
      vertex 0.493484 -8.3732 2.7
      vertex 0.331653 -8.33267 0
      vertex 0.493484 -8.3732 0
    endloop
  endfacet
  facet normal 0.740932 -0.67158 0
    outer loop
      vertex -1.31412 -8.92153 2.7
      vertex -1.20208 -8.79792 0
      vertex -1.20208 -8.79792 2.7
    endloop
  endfacet
  facet normal 0.740932 -0.67158 0
    outer loop
      vertex -1.20208 -8.79792 0
      vertex -1.31412 -8.92153 2.7
      vertex -1.31412 -8.92153 0
    endloop
  endfacet
  facet normal -0.0491516 0.998791 0
    outer loop
      vertex 0.166629 -11.6918 0
      vertex 0 -11.7 2.7
      vertex 0.166629 -11.6918 2.7
    endloop
  endfacet
  facet normal -0.0491516 0.998791 0
    outer loop
      vertex 0 -11.7 2.7
      vertex 0.166629 -11.6918 0
      vertex 0 -11.7 0
    endloop
  endfacet
  facet normal -0.803211 -0.595695 0
    outer loop
      vertex 1.4135 -9.05553 0
      vertex 1.31412 -8.92153 2.7
      vertex 1.31412 -8.92153 0
    endloop
  endfacet
  facet normal -0.803211 -0.595695 0
    outer loop
      vertex 1.31412 -8.92153 2.7
      vertex 1.4135 -9.05553 0
      vertex 1.4135 -9.05553 2.7
    endloop
  endfacet
  facet normal 0.97003 0.242987 0
    outer loop
      vertex -1.6268 -10.4935 2.7
      vertex -1.66733 -10.3317 0
      vertex -1.66733 -10.3317 2.7
    endloop
  endfacet
  facet normal 0.97003 0.242987 0
    outer loop
      vertex -1.66733 -10.3317 0
      vertex -1.6268 -10.4935 2.7
      vertex -1.6268 -10.4935 0
    endloop
  endfacet
  facet normal -0.989185 0.14667 0
    outer loop
      vertex 1.66733 -10.3317 0
      vertex 1.69181 -10.1666 2.7
      vertex 1.69181 -10.1666 0
    endloop
  endfacet
  facet normal -0.989185 0.14667 0
    outer loop
      vertex 1.69181 -10.1666 2.7
      vertex 1.66733 -10.3317 0
      vertex 1.66733 -10.3317 2.7
    endloop
  endfacet
  facet normal -0.514247 0.857642 0
    outer loop
      vertex 0.944468 -11.4135 0
      vertex 0.801374 -11.4993 2.7
      vertex 0.944468 -11.4135 2.7
    endloop
  endfacet
  facet normal -0.514247 0.857642 0
    outer loop
      vertex 0.801374 -11.4993 2.7
      vertex 0.944468 -11.4135 0
      vertex 0.801374 -11.4993 0
    endloop
  endfacet
  facet normal 0.941533 -0.336921 0
    outer loop
      vertex -1.6268 -9.50652 2.7
      vertex -1.57059 -9.34944 0
      vertex -1.57059 -9.34944 2.7
    endloop
  endfacet
  facet normal 0.941533 -0.336921 0
    outer loop
      vertex -1.57059 -9.34944 0
      vertex -1.6268 -9.50652 2.7
      vertex -1.6268 -9.50652 0
    endloop
  endfacet
  facet normal -0.67158 -0.740932 0
    outer loop
      vertex 1.07847 -8.68588 0
      vertex 1.20208 -8.79792 2.7
      vertex 1.07847 -8.68588 2.7
    endloop
  endfacet
  facet normal -0.67158 -0.740932 -0
    outer loop
      vertex 1.20208 -8.79792 2.7
      vertex 1.07847 -8.68588 0
      vertex 1.20208 -8.79792 0
    endloop
  endfacet
  facet normal 0.989175 -0.14674 0
    outer loop
      vertex -1.69181 -9.83337 2.7
      vertex -1.66733 -9.66835 0
      vertex -1.66733 -9.66835 2.7
    endloop
  endfacet
  facet normal 0.989175 -0.14674 0
    outer loop
      vertex -1.66733 -9.66835 0
      vertex -1.69181 -9.83337 2.7
      vertex -1.69181 -9.83337 0
    endloop
  endfacet
  facet normal -0.903996 0.42754 0
    outer loop
      vertex 1.49927 -10.8014 0
      vertex 1.57059 -10.6506 2.7
      vertex 1.57059 -10.6506 0
    endloop
  endfacet
  facet normal -0.903996 0.42754 0
    outer loop
      vertex 1.57059 -10.6506 2.7
      vertex 1.49927 -10.8014 0
      vertex 1.49927 -10.8014 2.7
    endloop
  endfacet
  facet normal -0.336927 -0.941531 0
    outer loop
      vertex 0.493484 -8.3732 0
      vertex 0.650561 -8.42941 2.7
      vertex 0.493484 -8.3732 2.7
    endloop
  endfacet
  facet normal -0.336927 -0.941531 -0
    outer loop
      vertex 0.650561 -8.42941 2.7
      vertex 0.493484 -8.3732 0
      vertex 0.650561 -8.42941 0
    endloop
  endfacet
  facet normal -0.998794 0.0491004 0
    outer loop
      vertex 1.69181 -10.1666 0
      vertex 1.7 -10 2.7
      vertex 1.7 -10 0
    endloop
  endfacet
  facet normal -0.998794 0.0491004 0
    outer loop
      vertex 1.7 -10 2.7
      vertex 1.69181 -10.1666 0
      vertex 1.69181 -10.1666 2.7
    endloop
  endfacet
  facet normal -0.146854 0.989158 0
    outer loop
      vertex 0.331653 -11.6673 0
      vertex 0.166629 -11.6918 2.7
      vertex 0.331653 -11.6673 2.7
    endloop
  endfacet
  facet normal -0.146854 0.989158 0
    outer loop
      vertex 0.166629 -11.6918 2.7
      vertex 0.331653 -11.6673 0
      vertex 0.166629 -11.6918 0
    endloop
  endfacet
  facet normal -0.941533 -0.336921 0
    outer loop
      vertex 1.6268 -9.50652 0
      vertex 1.57059 -9.34944 2.7
      vertex 1.57059 -9.34944 0
    endloop
  endfacet
  facet normal -0.941533 -0.336921 0
    outer loop
      vertex 1.57059 -9.34944 2.7
      vertex 1.6268 -9.50652 0
      vertex 1.6268 -9.50652 2.7
    endloop
  endfacet
  facet normal -0.803211 0.595695 0
    outer loop
      vertex 1.31412 -11.0785 0
      vertex 1.4135 -10.9445 2.7
      vertex 1.4135 -10.9445 0
    endloop
  endfacet
  facet normal -0.803211 0.595695 0
    outer loop
      vertex 1.4135 -10.9445 2.7
      vertex 1.31412 -11.0785 0
      vertex 1.31412 -11.0785 2.7
    endloop
  endfacet
  facet normal -0.857731 0.514099 0
    outer loop
      vertex 1.4135 -10.9445 0
      vertex 1.49927 -10.8014 2.7
      vertex 1.49927 -10.8014 0
    endloop
  endfacet
  facet normal -0.857731 0.514099 0
    outer loop
      vertex 1.49927 -10.8014 2.7
      vertex 1.4135 -10.9445 0
      vertex 1.4135 -10.9445 2.7
    endloop
  endfacet
  facet normal 0.242943 -0.970041 0
    outer loop
      vertex -0.493484 -8.3732 0
      vertex -0.331653 -8.33267 2.7
      vertex -0.493484 -8.3732 2.7
    endloop
  endfacet
  facet normal 0.242943 -0.970041 0
    outer loop
      vertex -0.331653 -8.33267 2.7
      vertex -0.493484 -8.3732 0
      vertex -0.331653 -8.33267 0
    endloop
  endfacet
  facet normal -0.941546 0.336883 0
    outer loop
      vertex 1.57059 -10.6506 0
      vertex 1.6268 -10.4935 2.7
      vertex 1.6268 -10.4935 0
    endloop
  endfacet
  facet normal -0.941546 0.336883 0
    outer loop
      vertex 1.6268 -10.4935 2.7
      vertex 1.57059 -10.6506 0
      vertex 1.57059 -10.6506 2.7
    endloop
  endfacet
  facet normal -0.0490918 -0.998794 0
    outer loop
      vertex 0 -8.3 0
      vertex 0.166629 -8.30819 2.7
      vertex 0 -8.3 2.7
    endloop
  endfacet
  facet normal -0.0490918 -0.998794 -0
    outer loop
      vertex 0.166629 -8.30819 2.7
      vertex 0 -8.3 0
      vertex 0.166629 -8.30819 0
    endloop
  endfacet
  facet normal 0.514115 -0.857721 0
    outer loop
      vertex -0.944468 -8.5865 0
      vertex -0.801374 -8.50073 2.7
      vertex -0.944468 -8.5865 2.7
    endloop
  endfacet
  facet normal 0.514115 -0.857721 0
    outer loop
      vertex -0.801374 -8.50073 2.7
      vertex -0.944468 -8.5865 0
      vertex -0.801374 -8.50073 0
    endloop
  endfacet
  facet normal -0.904007 -0.427517 0
    outer loop
      vertex 1.57059 -9.34944 0
      vertex 1.49927 -9.19863 2.7
      vertex 1.49927 -9.19863 0
    endloop
  endfacet
  facet normal -0.904007 -0.427517 0
    outer loop
      vertex 1.49927 -9.19863 2.7
      vertex 1.57059 -9.34944 0
      vertex 1.57059 -9.34944 2.7
    endloop
  endfacet
  facet normal -0.146736 -0.989176 0
    outer loop
      vertex 0.166629 -8.30819 0
      vertex 0.331653 -8.33267 2.7
      vertex 0.166629 -8.30819 2.7
    endloop
  endfacet
  facet normal -0.146736 -0.989176 -0
    outer loop
      vertex 0.331653 -8.33267 2.7
      vertex 0.166629 -8.30819 0
      vertex 0.331653 -8.33267 0
    endloop
  endfacet
  facet normal 0.242774 0.970083 -0
    outer loop
      vertex -0.331653 -11.6673 0
      vertex -0.493484 -11.6268 2.7
      vertex -0.331653 -11.6673 2.7
    endloop
  endfacet
  facet normal 0.242774 0.970083 0
    outer loop
      vertex -0.493484 -11.6268 2.7
      vertex -0.331653 -11.6673 0
      vertex -0.493484 -11.6268 0
    endloop
  endfacet
  facet normal 0.857731 0.514099 0
    outer loop
      vertex -1.4135 -10.9445 2.7
      vertex -1.49927 -10.8014 0
      vertex -1.49927 -10.8014 2.7
    endloop
  endfacet
  facet normal 0.857731 0.514099 0
    outer loop
      vertex -1.49927 -10.8014 0
      vertex -1.4135 -10.9445 2.7
      vertex -1.4135 -10.9445 0
    endloop
  endfacet
  facet normal -0.857731 -0.514099 0
    outer loop
      vertex 1.49927 -9.19863 0
      vertex 1.4135 -9.05553 2.7
      vertex 1.4135 -9.05553 0
    endloop
  endfacet
  facet normal -0.857731 -0.514099 0
    outer loop
      vertex 1.4135 -9.05553 2.7
      vertex 1.49927 -9.19863 0
      vertex 1.49927 -9.19863 2.7
    endloop
  endfacet
  facet normal 0.336927 -0.941531 0
    outer loop
      vertex -0.650561 -8.42941 0
      vertex -0.493484 -8.3732 2.7
      vertex -0.650561 -8.42941 2.7
    endloop
  endfacet
  facet normal 0.336927 -0.941531 0
    outer loop
      vertex -0.493484 -8.3732 2.7
      vertex -0.650561 -8.42941 0
      vertex -0.493484 -8.3732 0
    endloop
  endfacet
  facet normal 0.740905 0.67161 0
    outer loop
      vertex -1.20208 -11.2021 2.7
      vertex -1.31412 -11.0785 0
      vertex -1.31412 -11.0785 2.7
    endloop
  endfacet
  facet normal 0.740905 0.67161 0
    outer loop
      vertex -1.31412 -11.0785 0
      vertex -1.20208 -11.2021 2.7
      vertex -1.20208 -11.2021 0
    endloop
  endfacet
  facet normal 0.67158 -0.740932 0
    outer loop
      vertex -1.20208 -8.79792 0
      vertex -1.07847 -8.68588 2.7
      vertex -1.20208 -8.79792 2.7
    endloop
  endfacet
  facet normal 0.67158 -0.740932 0
    outer loop
      vertex -1.07847 -8.68588 2.7
      vertex -1.20208 -8.79792 0
      vertex -1.07847 -8.68588 0
    endloop
  endfacet
  facet normal 0.514247 0.857642 -0
    outer loop
      vertex -0.801374 -11.4993 0
      vertex -0.944468 -11.4135 2.7
      vertex -0.801374 -11.4993 2.7
    endloop
  endfacet
  facet normal 0.514247 0.857642 0
    outer loop
      vertex -0.944468 -11.4135 2.7
      vertex -0.801374 -11.4993 0
      vertex -0.944468 -11.4135 0
    endloop
  endfacet
  facet normal 0.97004 -0.242945 0
    outer loop
      vertex -1.66733 -9.66835 2.7
      vertex -1.6268 -9.50652 0
      vertex -1.6268 -9.50652 2.7
    endloop
  endfacet
  facet normal 0.97004 -0.242945 0
    outer loop
      vertex -1.6268 -9.50652 0
      vertex -1.66733 -9.66835 2.7
      vertex -1.66733 -9.66835 0
    endloop
  endfacet
  facet normal 0.803211 0.595695 0
    outer loop
      vertex -1.31412 -11.0785 2.7
      vertex -1.4135 -10.9445 0
      vertex -1.4135 -10.9445 2.7
    endloop
  endfacet
  facet normal 0.803211 0.595695 0
    outer loop
      vertex -1.4135 -10.9445 0
      vertex -1.31412 -11.0785 2.7
      vertex -1.31412 -11.0785 0
    endloop
  endfacet
  facet normal 0.989185 0.14667 0
    outer loop
      vertex -1.66733 -10.3317 2.7
      vertex -1.69181 -10.1666 0
      vertex -1.69181 -10.1666 2.7
    endloop
  endfacet
  facet normal 0.989185 0.14667 0
    outer loop
      vertex -1.69181 -10.1666 0
      vertex -1.66733 -10.3317 2.7
      vertex -1.66733 -10.3317 0
    endloop
  endfacet
  facet normal 0.671448 0.741051 -0
    outer loop
      vertex -1.07847 -11.3141 0
      vertex -1.20208 -11.2021 2.7
      vertex -1.07847 -11.3141 2.7
    endloop
  endfacet
  facet normal 0.671448 0.741051 0
    outer loop
      vertex -1.20208 -11.2021 2.7
      vertex -1.07847 -11.3141 0
      vertex -1.20208 -11.2021 0
    endloop
  endfacet
  facet normal 0.803211 -0.595695 0
    outer loop
      vertex -1.4135 -9.05553 2.7
      vertex -1.31412 -8.92153 0
      vertex -1.31412 -8.92153 2.7
    endloop
  endfacet
  facet normal 0.803211 -0.595695 0
    outer loop
      vertex -1.31412 -8.92153 0
      vertex -1.4135 -9.05553 2.7
      vertex -1.4135 -9.05553 0
    endloop
  endfacet
  facet normal 0.857731 -0.514099 0
    outer loop
      vertex -1.49927 -9.19863 2.7
      vertex -1.4135 -9.05553 0
      vertex -1.4135 -9.05553 2.7
    endloop
  endfacet
  facet normal 0.857731 -0.514099 0
    outer loop
      vertex -1.4135 -9.05553 0
      vertex -1.49927 -9.19863 2.7
      vertex -1.49927 -9.19863 0
    endloop
  endfacet
  facet normal 0.0491516 0.998791 -0
    outer loop
      vertex 0 -11.7 0
      vertex -0.166629 -11.6918 2.7
      vertex 0 -11.7 2.7
    endloop
  endfacet
  facet normal 0.0491516 0.998791 0
    outer loop
      vertex -0.166629 -11.6918 2.7
      vertex 0 -11.7 0
      vertex -0.166629 -11.6918 0
    endloop
  endfacet
  facet normal 0.998794 -0.0490916 0
    outer loop
      vertex -1.7 -10 2.7
      vertex -1.69181 -9.83337 0
      vertex -1.69181 -9.83337 2.7
    endloop
  endfacet
  facet normal 0.998794 -0.0490916 0
    outer loop
      vertex -1.69181 -9.83337 0
      vertex -1.7 -10 2.7
      vertex -1.7 -10 0
    endloop
  endfacet
  facet normal 0.336874 0.94155 -0
    outer loop
      vertex -0.493484 -11.6268 0
      vertex -0.650561 -11.5706 2.7
      vertex -0.493484 -11.6268 2.7
    endloop
  endfacet
  facet normal 0.336874 0.94155 0
    outer loop
      vertex -0.650561 -11.5706 2.7
      vertex -0.493484 -11.6268 0
      vertex -0.650561 -11.5706 0
    endloop
  endfacet
  facet normal -0.740905 0.67161 0
    outer loop
      vertex 1.20208 -11.2021 0
      vertex 1.31412 -11.0785 2.7
      vertex 1.31412 -11.0785 0
    endloop
  endfacet
  facet normal -0.740905 0.67161 0
    outer loop
      vertex 1.31412 -11.0785 2.7
      vertex 1.20208 -11.2021 0
      vertex 1.20208 -11.2021 2.7
    endloop
  endfacet
  facet normal -0.671448 0.741051 0
    outer loop
      vertex 1.20208 -11.2021 0
      vertex 1.07847 -11.3141 2.7
      vertex 1.20208 -11.2021 2.7
    endloop
  endfacet
  facet normal -0.671448 0.741051 0
    outer loop
      vertex 1.07847 -11.3141 2.7
      vertex 1.20208 -11.2021 0
      vertex 1.07847 -11.3141 0
    endloop
  endfacet
  facet normal -0.857783 0.514012 0
    outer loop
      vertex 2.57756 -11.7223 2.7
      vertex 2.73396 -11.4613 6
      vertex 2.73396 -11.4613 2.7
    endloop
  endfacet
  facet normal -0.857783 0.514012 0
    outer loop
      vertex 2.73396 -11.4613 6
      vertex 2.57756 -11.7223 2.7
      vertex 2.57756 -11.7223 6
    endloop
  endfacet
  facet normal -0.146736 -0.989176 0
    outer loop
      vertex 0.303853 -6.91493 2.7
      vertex 0.604779 -6.95957 6
      vertex 0.303853 -6.91493 6
    endloop
  endfacet
  facet normal -0.146736 -0.989176 -0
    outer loop
      vertex 0.604779 -6.95957 6
      vertex 0.303853 -6.91493 2.7
      vertex 0.604779 -6.95957 2.7
    endloop
  endfacet
  facet normal -0.998795 -0.0490769 0
    outer loop
      vertex 3.1 -10 2.7
      vertex 3.08507 -9.69615 6
      vertex 3.08507 -9.69615 2.7
    endloop
  endfacet
  facet normal -0.998795 -0.0490769 0
    outer loop
      vertex 3.08507 -9.69615 6
      vertex 3.1 -10 2.7
      vertex 3.1 -10 6
    endloop
  endfacet
  facet normal 0.514099 -0.857731 0
    outer loop
      vertex -1.72227 -7.42244 2.7
      vertex -1.46133 -7.26604 6
      vertex -1.72227 -7.42244 6
    endloop
  endfacet
  facet normal 0.514099 -0.857731 0
    outer loop
      vertex -1.46133 -7.26604 6
      vertex -1.72227 -7.42244 2.7
      vertex -1.46133 -7.26604 2.7
    endloop
  endfacet
  facet normal -0.97003 -0.242984 0
    outer loop
      vertex 3.04043 -9.39522 2.7
      vertex 2.96651 -9.10012 6
      vertex 2.96651 -9.10012 2.7
    endloop
  endfacet
  facet normal -0.97003 -0.242984 0
    outer loop
      vertex 2.96651 -9.10012 6
      vertex 3.04043 -9.39522 2.7
      vertex 3.04043 -9.39522 6
    endloop
  endfacet
  facet normal 0.427555 -0.903989 0
    outer loop
      vertex -1.46133 -7.26604 2.7
      vertex -1.18632 -7.13597 6
      vertex -1.46133 -7.26604 6
    endloop
  endfacet
  facet normal 0.427555 -0.903989 0
    outer loop
      vertex -1.18632 -7.13597 6
      vertex -1.46133 -7.26604 2.7
      vertex -1.18632 -7.13597 2.7
    endloop
  endfacet
  facet normal -0.0490764 -0.998795 0
    outer loop
      vertex 0 -6.9 2.7
      vertex 0.303853 -6.91493 6
      vertex 0 -6.9 6
    endloop
  endfacet
  facet normal -0.0490764 -0.998795 -0
    outer loop
      vertex 0.303853 -6.91493 6
      vertex 0 -6.9 2.7
      vertex 0.303853 -6.91493 2.7
    endloop
  endfacet
  facet normal -0.595716 -0.803195 0
    outer loop
      vertex 1.72227 -7.42244 2.7
      vertex 1.96662 -7.60367 6
      vertex 1.72227 -7.42244 6
    endloop
  endfacet
  facet normal -0.595716 -0.803195 -0
    outer loop
      vertex 1.96662 -7.60367 6
      vertex 1.72227 -7.42244 2.7
      vertex 1.96662 -7.60367 2.7
    endloop
  endfacet
  facet normal -0.740936 0.671576 0
    outer loop
      vertex 2.19203 -12.192 2.7
      vertex 2.39633 -11.9666 6
      vertex 2.39633 -11.9666 2.7
    endloop
  endfacet
  facet normal -0.740936 0.671576 0
    outer loop
      vertex 2.39633 -11.9666 6
      vertex 2.19203 -12.192 2.7
      vertex 2.19203 -12.192 6
    endloop
  endfacet
  facet normal 0.427367 0.904078 -0
    outer loop
      vertex -1.18632 -12.864 2.7
      vertex -1.46133 -12.734 6
      vertex -1.18632 -12.864 6
    endloop
  endfacet
  facet normal 0.427367 0.904078 0
    outer loop
      vertex -1.46133 -12.734 6
      vertex -1.18632 -12.864 2.7
      vertex -1.46133 -12.734 2.7
    endloop
  endfacet
  facet normal 0.595864 0.803085 -0
    outer loop
      vertex -1.72227 -12.5776 2.7
      vertex -1.96662 -12.3963 6
      vertex -1.72227 -12.5776 6
    endloop
  endfacet
  facet normal 0.595864 0.803085 0
    outer loop
      vertex -1.96662 -12.3963 6
      vertex -1.72227 -12.5776 2.7
      vertex -1.96662 -12.3963 2.7
    endloop
  endfacet
  facet normal -0.427367 0.904078 0
    outer loop
      vertex 1.46133 -12.734 2.7
      vertex 1.18632 -12.864 6
      vertex 1.46133 -12.734 6
    endloop
  endfacet
  facet normal -0.427367 0.904078 0
    outer loop
      vertex 1.18632 -12.864 6
      vertex 1.46133 -12.734 2.7
      vertex 1.18632 -12.864 2.7
    endloop
  endfacet
  facet normal -0.941539 0.336903 0
    outer loop
      vertex 2.86403 -11.1863 2.7
      vertex 2.96651 -10.8999 6
      vertex 2.96651 -10.8999 2.7
    endloop
  endfacet
  facet normal -0.941539 0.336903 0
    outer loop
      vertex 2.96651 -10.8999 6
      vertex 2.86403 -11.1863 2.7
      vertex 2.86403 -11.1863 6
    endloop
  endfacet
  facet normal -0.903989 -0.427555 0
    outer loop
      vertex 2.86403 -8.81368 2.7
      vertex 2.73396 -8.53867 6
      vertex 2.73396 -8.53867 2.7
    endloop
  endfacet
  facet normal -0.903989 -0.427555 0
    outer loop
      vertex 2.73396 -8.53867 6
      vertex 2.86403 -8.81368 2.7
      vertex 2.86403 -8.81368 6
    endloop
  endfacet
  facet normal -0.941554 -0.336861 0
    outer loop
      vertex 2.96651 -9.10012 2.7
      vertex 2.86403 -8.81368 6
      vertex 2.86403 -8.81368 2.7
    endloop
  endfacet
  facet normal -0.941554 -0.336861 0
    outer loop
      vertex 2.86403 -8.81368 6
      vertex 2.96651 -9.10012 2.7
      vertex 2.96651 -9.10012 6
    endloop
  endfacet
  facet normal 0 0 1
    outer loop
      vertex 1.7 -10 2.7
      vertex 3.1 -10 2.7
      vertex 3.08507 -9.69615 2.7
    endloop
  endfacet
  facet normal 0 0 1
    outer loop
      vertex 1.69181 -9.83337 2.7
      vertex 3.08507 -9.69615 2.7
      vertex 3.04043 -9.39522 2.7
    endloop
  endfacet
  facet normal 0 0 1
    outer loop
      vertex 3.1 -10 2.7
      vertex 1.7 -10 2.7
      vertex 3.08507 -10.3039 2.7
    endloop
  endfacet
  facet normal 0 0 1
    outer loop
      vertex 1.66733 -9.66835 2.7
      vertex 3.04043 -9.39522 2.7
      vertex 2.96651 -9.10012 2.7
    endloop
  endfacet
  facet normal -0 0 1
    outer loop
      vertex 1.69181 -10.1666 2.7
      vertex 3.08507 -10.3039 2.7
      vertex 1.7 -10 2.7
    endloop
  endfacet
  facet normal 0 0 1
    outer loop
      vertex 1.6268 -9.50652 2.7
      vertex 2.96651 -9.10012 2.7
      vertex 2.86403 -8.81368 2.7
    endloop
  endfacet
  facet normal 0 0 1
    outer loop
      vertex 3.08507 -10.3039 2.7
      vertex 1.69181 -10.1666 2.7
      vertex 3.04043 -10.6048 2.7
    endloop
  endfacet
  facet normal 0 0 1
    outer loop
      vertex 1.57059 -9.34944 2.7
      vertex 2.86403 -8.81368 2.7
      vertex 2.73396 -8.53867 2.7
    endloop
  endfacet
  facet normal -0 0 1
    outer loop
      vertex 1.66733 -10.3317 2.7
      vertex 3.04043 -10.6048 2.7
      vertex 1.69181 -10.1666 2.7
    endloop
  endfacet
  facet normal 0 0 1
    outer loop
      vertex 1.49927 -9.19863 2.7
      vertex 2.73396 -8.53867 2.7
      vertex 2.57756 -8.27773 2.7
    endloop
  endfacet
  facet normal 0 0 1
    outer loop
      vertex 3.04043 -10.6048 2.7
      vertex 1.66733 -10.3317 2.7
      vertex 2.96651 -10.8999 2.7
    endloop
  endfacet
  facet normal 0 0 1
    outer loop
      vertex 1.4135 -9.05553 2.7
      vertex 2.57756 -8.27773 2.7
      vertex 2.39633 -8.03338 2.7
    endloop
  endfacet
  facet normal -0 0 1
    outer loop
      vertex 1.6268 -10.4935 2.7
      vertex 2.96651 -10.8999 2.7
      vertex 1.66733 -10.3317 2.7
    endloop
  endfacet
  facet normal 0 0 1
    outer loop
      vertex 1.31412 -8.92153 2.7
      vertex 2.39633 -8.03338 2.7
      vertex 2.19203 -7.80797 2.7
    endloop
  endfacet
  facet normal 0 0 1
    outer loop
      vertex 2.96651 -10.8999 2.7
      vertex 1.6268 -10.4935 2.7
      vertex 2.86403 -11.1863 2.7
    endloop
  endfacet
  facet normal 0 0 1
    outer loop
      vertex 1.20208 -8.79792 2.7
      vertex 2.19203 -7.80797 2.7
      vertex 1.96662 -7.60367 2.7
    endloop
  endfacet
  facet normal -0 0 1
    outer loop
      vertex 1.57059 -10.6506 2.7
      vertex 2.86403 -11.1863 2.7
      vertex 1.6268 -10.4935 2.7
    endloop
  endfacet
  facet normal 0 0 1
    outer loop
      vertex 1.07847 -8.68588 2.7
      vertex 1.96662 -7.60367 2.7
      vertex 1.72227 -7.42244 2.7
    endloop
  endfacet
  facet normal 0 0 1
    outer loop
      vertex 2.86403 -11.1863 2.7
      vertex 1.57059 -10.6506 2.7
      vertex 2.73396 -11.4613 2.7
    endloop
  endfacet
  facet normal -0 0 1
    outer loop
      vertex 1.49927 -10.8014 2.7
      vertex 2.73396 -11.4613 2.7
      vertex 1.57059 -10.6506 2.7
    endloop
  endfacet
  facet normal 0 0 1
    outer loop
      vertex 3.08507 -9.69615 2.7
      vertex 1.69181 -9.83337 2.7
      vertex 1.7 -10 2.7
    endloop
  endfacet
  facet normal 0 0 1
    outer loop
      vertex 3.04043 -9.39522 2.7
      vertex 1.66733 -9.66835 2.7
      vertex 1.69181 -9.83337 2.7
    endloop
  endfacet
  facet normal 0 0 1
    outer loop
      vertex 2.96651 -9.10012 2.7
      vertex 1.6268 -9.50652 2.7
      vertex 1.66733 -9.66835 2.7
    endloop
  endfacet
  facet normal 0 0 1
    outer loop
      vertex 2.86403 -8.81368 2.7
      vertex 1.57059 -9.34944 2.7
      vertex 1.6268 -9.50652 2.7
    endloop
  endfacet
  facet normal 0 0 1
    outer loop
      vertex 2.73396 -8.53867 2.7
      vertex 1.49927 -9.19863 2.7
      vertex 1.57059 -9.34944 2.7
    endloop
  endfacet
  facet normal 0 0 1
    outer loop
      vertex 0.944468 -8.5865 2.7
      vertex 1.72227 -7.42244 2.7
      vertex 1.46133 -7.26604 2.7
    endloop
  endfacet
  facet normal 0 0 1
    outer loop
      vertex 2.57756 -8.27773 2.7
      vertex 1.4135 -9.05553 2.7
      vertex 1.49927 -9.19863 2.7
    endloop
  endfacet
  facet normal 0 0 1
    outer loop
      vertex 2.39633 -8.03338 2.7
      vertex 1.31412 -8.92153 2.7
      vertex 1.4135 -9.05553 2.7
    endloop
  endfacet
  facet normal 0 0 1
    outer loop
      vertex 2.19203 -7.80797 2.7
      vertex 1.20208 -8.79792 2.7
      vertex 1.31412 -8.92153 2.7
    endloop
  endfacet
  facet normal 0 0 1
    outer loop
      vertex 0.801374 -8.50073 2.7
      vertex 1.46133 -7.26604 2.7
      vertex 1.18632 -7.13597 2.7
    endloop
  endfacet
  facet normal 0 0 1
    outer loop
      vertex 1.96662 -7.60367 2.7
      vertex 1.07847 -8.68588 2.7
      vertex 1.20208 -8.79792 2.7
    endloop
  endfacet
  facet normal 0 0 1
    outer loop
      vertex 1.72227 -7.42244 2.7
      vertex 0.944468 -8.5865 2.7
      vertex 1.07847 -8.68588 2.7
    endloop
  endfacet
  facet normal 0 0 1
    outer loop
      vertex 0.650561 -8.42941 2.7
      vertex 1.18632 -7.13597 2.7
      vertex 0.899882 -7.03349 2.7
    endloop
  endfacet
  facet normal 0 0 1
    outer loop
      vertex 1.46133 -7.26604 2.7
      vertex 0.801374 -8.50073 2.7
      vertex 0.944468 -8.5865 2.7
    endloop
  endfacet
  facet normal 0 0 1
    outer loop
      vertex 1.18632 -7.13597 2.7
      vertex 0.650561 -8.42941 2.7
      vertex 0.801374 -8.50073 2.7
    endloop
  endfacet
  facet normal 0 0 1
    outer loop
      vertex 0.493484 -8.3732 2.7
      vertex 0.899882 -7.03349 2.7
      vertex 0.604779 -6.95957 2.7
    endloop
  endfacet
  facet normal 0 0 1
    outer loop
      vertex 0.899882 -7.03349 2.7
      vertex 0.493484 -8.3732 2.7
      vertex 0.650561 -8.42941 2.7
    endloop
  endfacet
  facet normal 0 0 1
    outer loop
      vertex 0.604779 -6.95957 2.7
      vertex 0.331653 -8.33267 2.7
      vertex 0.493484 -8.3732 2.7
    endloop
  endfacet
  facet normal 0 0 1
    outer loop
      vertex 0.303853 -6.91493 2.7
      vertex 0.331653 -8.33267 2.7
      vertex 0.604779 -6.95957 2.7
    endloop
  endfacet
  facet normal 0 0 1
    outer loop
      vertex 0.303853 -6.91493 2.7
      vertex 0.166629 -8.30819 2.7
      vertex 0.331653 -8.33267 2.7
    endloop
  endfacet
  facet normal 0 0 1
    outer loop
      vertex 0 -6.9 2.7
      vertex 0.166629 -8.30819 2.7
      vertex 0.303853 -6.91493 2.7
    endloop
  endfacet
  facet normal 0 0 1
    outer loop
      vertex 0 -6.9 2.7
      vertex 0 -8.3 2.7
      vertex 0.166629 -8.30819 2.7
    endloop
  endfacet
  facet normal 0 0 1
    outer loop
      vertex 0 -6.9 2.7
      vertex -0.166629 -8.30819 2.7
      vertex 0 -8.3 2.7
    endloop
  endfacet
  facet normal -0 0 1
    outer loop
      vertex -0.303853 -6.91493 2.7
      vertex -0.166629 -8.30819 2.7
      vertex 0 -6.9 2.7
    endloop
  endfacet
  facet normal 0 0 1
    outer loop
      vertex -0.303853 -6.91493 2.7
      vertex -0.331653 -8.33267 2.7
      vertex -0.166629 -8.30819 2.7
    endloop
  endfacet
  facet normal -0 0 1
    outer loop
      vertex -0.604779 -6.95957 2.7
      vertex -0.331653 -8.33267 2.7
      vertex -0.303853 -6.91493 2.7
    endloop
  endfacet
  facet normal 0 0 1
    outer loop
      vertex -0.331653 -8.33267 2.7
      vertex -0.604779 -6.95957 2.7
      vertex -0.493484 -8.3732 2.7
    endloop
  endfacet
  facet normal -0 0 1
    outer loop
      vertex -0.899882 -7.03349 2.7
      vertex -0.493484 -8.3732 2.7
      vertex -0.604779 -6.95957 2.7
    endloop
  endfacet
  facet normal 0 0 1
    outer loop
      vertex -0.493484 -8.3732 2.7
      vertex -0.899882 -7.03349 2.7
      vertex -0.650561 -8.42941 2.7
    endloop
  endfacet
  facet normal -0 0 1
    outer loop
      vertex -1.18632 -7.13597 2.7
      vertex -0.650561 -8.42941 2.7
      vertex -0.899882 -7.03349 2.7
    endloop
  endfacet
  facet normal 0 0 1
    outer loop
      vertex -0.650561 -8.42941 2.7
      vertex -1.18632 -7.13597 2.7
      vertex -0.801374 -8.50073 2.7
    endloop
  endfacet
  facet normal -0 0 1
    outer loop
      vertex -1.46133 -7.26604 2.7
      vertex -0.801374 -8.50073 2.7
      vertex -1.18632 -7.13597 2.7
    endloop
  endfacet
  facet normal 0 0 1
    outer loop
      vertex -0.801374 -8.50073 2.7
      vertex -1.46133 -7.26604 2.7
      vertex -0.944468 -8.5865 2.7
    endloop
  endfacet
  facet normal -0 0 1
    outer loop
      vertex -1.72227 -7.42244 2.7
      vertex -0.944468 -8.5865 2.7
      vertex -1.46133 -7.26604 2.7
    endloop
  endfacet
  facet normal 0 0 1
    outer loop
      vertex -0.944468 -8.5865 2.7
      vertex -1.72227 -7.42244 2.7
      vertex -1.07847 -8.68588 2.7
    endloop
  endfacet
  facet normal -0 0 1
    outer loop
      vertex -1.96662 -7.60367 2.7
      vertex -1.07847 -8.68588 2.7
      vertex -1.72227 -7.42244 2.7
    endloop
  endfacet
  facet normal 0 0 1
    outer loop
      vertex -1.07847 -8.68588 2.7
      vertex -1.96662 -7.60367 2.7
      vertex -1.20208 -8.79792 2.7
    endloop
  endfacet
  facet normal -0 0 1
    outer loop
      vertex -2.19203 -7.80797 2.7
      vertex -1.20208 -8.79792 2.7
      vertex -1.96662 -7.60367 2.7
    endloop
  endfacet
  facet normal 0 0 1
    outer loop
      vertex -1.20208 -8.79792 2.7
      vertex -2.19203 -7.80797 2.7
      vertex -1.31412 -8.92153 2.7
    endloop
  endfacet
  facet normal -0 0 1
    outer loop
      vertex -2.39633 -8.03338 2.7
      vertex -1.31412 -8.92153 2.7
      vertex -2.19203 -7.80797 2.7
    endloop
  endfacet
  facet normal 0 0 1
    outer loop
      vertex -1.31412 -8.92153 2.7
      vertex -2.39633 -8.03338 2.7
      vertex -1.4135 -9.05553 2.7
    endloop
  endfacet
  facet normal -0 0 1
    outer loop
      vertex -2.57756 -8.27773 2.7
      vertex -1.4135 -9.05553 2.7
      vertex -2.39633 -8.03338 2.7
    endloop
  endfacet
  facet normal -0 0 1
    outer loop
      vertex -2.73396 -8.53867 2.7
      vertex -1.49927 -9.19863 2.7
      vertex -2.57756 -8.27773 2.7
    endloop
  endfacet
  facet normal 0 0 1
    outer loop
      vertex -1.4135 -9.05553 2.7
      vertex -2.57756 -8.27773 2.7
      vertex -1.49927 -9.19863 2.7
    endloop
  endfacet
  facet normal 0 0 1
    outer loop
      vertex 2.73396 -11.4613 2.7
      vertex 1.49927 -10.8014 2.7
      vertex 2.57756 -11.7223 2.7
    endloop
  endfacet
  facet normal -0 0 1
    outer loop
      vertex 1.4135 -10.9445 2.7
      vertex 2.57756 -11.7223 2.7
      vertex 1.49927 -10.8014 2.7
    endloop
  endfacet
  facet normal 0 0 1
    outer loop
      vertex 2.57756 -11.7223 2.7
      vertex 1.4135 -10.9445 2.7
      vertex 2.39633 -11.9666 2.7
    endloop
  endfacet
  facet normal -0 0 1
    outer loop
      vertex 1.31412 -11.0785 2.7
      vertex 2.39633 -11.9666 2.7
      vertex 1.4135 -10.9445 2.7
    endloop
  endfacet
  facet normal 0 0 1
    outer loop
      vertex 2.39633 -11.9666 2.7
      vertex 1.31412 -11.0785 2.7
      vertex 2.19203 -12.192 2.7
    endloop
  endfacet
  facet normal -0 0 1
    outer loop
      vertex 1.20208 -11.2021 2.7
      vertex 2.19203 -12.192 2.7
      vertex 1.31412 -11.0785 2.7
    endloop
  endfacet
  facet normal 0 0 1
    outer loop
      vertex 2.19203 -12.192 2.7
      vertex 1.20208 -11.2021 2.7
      vertex 1.96662 -12.3963 2.7
    endloop
  endfacet
  facet normal -0 0 1
    outer loop
      vertex 1.07847 -11.3141 2.7
      vertex 1.96662 -12.3963 2.7
      vertex 1.20208 -11.2021 2.7
    endloop
  endfacet
  facet normal 0 0 1
    outer loop
      vertex 1.96662 -12.3963 2.7
      vertex 1.07847 -11.3141 2.7
      vertex 1.72227 -12.5776 2.7
    endloop
  endfacet
  facet normal -0 0 1
    outer loop
      vertex 0.944468 -11.4135 2.7
      vertex 1.72227 -12.5776 2.7
      vertex 1.07847 -11.3141 2.7
    endloop
  endfacet
  facet normal 0 0 1
    outer loop
      vertex 1.72227 -12.5776 2.7
      vertex 0.944468 -11.4135 2.7
      vertex 1.46133 -12.734 2.7
    endloop
  endfacet
  facet normal -0 0 1
    outer loop
      vertex 0.801374 -11.4993 2.7
      vertex 1.46133 -12.734 2.7
      vertex 0.944468 -11.4135 2.7
    endloop
  endfacet
  facet normal 0 0 1
    outer loop
      vertex 1.46133 -12.734 2.7
      vertex 0.801374 -11.4993 2.7
      vertex 1.18632 -12.864 2.7
    endloop
  endfacet
  facet normal -0 0 1
    outer loop
      vertex 0.650561 -11.5706 2.7
      vertex 1.18632 -12.864 2.7
      vertex 0.801374 -11.4993 2.7
    endloop
  endfacet
  facet normal 0 0 1
    outer loop
      vertex 1.18632 -12.864 2.7
      vertex 0.650561 -11.5706 2.7
      vertex 0.899882 -12.9665 2.7
    endloop
  endfacet
  facet normal -0 0 1
    outer loop
      vertex 0.493484 -11.6268 2.7
      vertex 0.899882 -12.9665 2.7
      vertex 0.650561 -11.5706 2.7
    endloop
  endfacet
  facet normal 0 0 1
    outer loop
      vertex 0.899882 -12.9665 2.7
      vertex 0.493484 -11.6268 2.7
      vertex 0.604779 -13.0404 2.7
    endloop
  endfacet
  facet normal -0 0 1
    outer loop
      vertex 0.331653 -11.6673 2.7
      vertex 0.604779 -13.0404 2.7
      vertex 0.493484 -11.6268 2.7
    endloop
  endfacet
  facet normal 0 0 1
    outer loop
      vertex 0.331653 -11.6673 2.7
      vertex 0.303853 -13.0851 2.7
      vertex 0.604779 -13.0404 2.7
    endloop
  endfacet
  facet normal -0 0 1
    outer loop
      vertex 0.166629 -11.6918 2.7
      vertex 0.303853 -13.0851 2.7
      vertex 0.331653 -11.6673 2.7
    endloop
  endfacet
  facet normal -0 0 1
    outer loop
      vertex 0 -11.7 2.7
      vertex 0.303853 -13.0851 2.7
      vertex 0.166629 -11.6918 2.7
    endloop
  endfacet
  facet normal 0 0 1
    outer loop
      vertex 0 -11.7 2.7
      vertex 0 -13.1 2.7
      vertex 0.303853 -13.0851 2.7
    endloop
  endfacet
  facet normal 0 0 1
    outer loop
      vertex -0.166629 -11.6918 2.7
      vertex 0 -13.1 2.7
      vertex 0 -11.7 2.7
    endloop
  endfacet
  facet normal 0 0 1
    outer loop
      vertex -0.166629 -11.6918 2.7
      vertex -0.303853 -13.0851 2.7
      vertex 0 -13.1 2.7
    endloop
  endfacet
  facet normal 0 0 1
    outer loop
      vertex -0.331653 -11.6673 2.7
      vertex -0.303853 -13.0851 2.7
      vertex -0.166629 -11.6918 2.7
    endloop
  endfacet
  facet normal 0 0 1
    outer loop
      vertex -0.604779 -13.0404 2.7
      vertex -0.331653 -11.6673 2.7
      vertex -0.493484 -11.6268 2.7
    endloop
  endfacet
  facet normal 0 0 1
    outer loop
      vertex -0.331653 -11.6673 2.7
      vertex -0.604779 -13.0404 2.7
      vertex -0.303853 -13.0851 2.7
    endloop
  endfacet
  facet normal 0 0 1
    outer loop
      vertex -0.899882 -12.9665 2.7
      vertex -0.493484 -11.6268 2.7
      vertex -0.650561 -11.5706 2.7
    endloop
  endfacet
  facet normal 0 0 1
    outer loop
      vertex -1.18632 -12.864 2.7
      vertex -0.650561 -11.5706 2.7
      vertex -0.801374 -11.4993 2.7
    endloop
  endfacet
  facet normal 0 0 1
    outer loop
      vertex -0.493484 -11.6268 2.7
      vertex -0.899882 -12.9665 2.7
      vertex -0.604779 -13.0404 2.7
    endloop
  endfacet
  facet normal 0 0 1
    outer loop
      vertex -1.46133 -12.734 2.7
      vertex -0.801374 -11.4993 2.7
      vertex -0.944468 -11.4135 2.7
    endloop
  endfacet
  facet normal 0 0 1
    outer loop
      vertex -1.72227 -12.5776 2.7
      vertex -0.944468 -11.4135 2.7
      vertex -1.07847 -11.3141 2.7
    endloop
  endfacet
  facet normal 0 0 1
    outer loop
      vertex -0.650561 -11.5706 2.7
      vertex -1.18632 -12.864 2.7
      vertex -0.899882 -12.9665 2.7
    endloop
  endfacet
  facet normal 0 0 1
    outer loop
      vertex -1.96662 -12.3963 2.7
      vertex -1.07847 -11.3141 2.7
      vertex -1.20208 -11.2021 2.7
    endloop
  endfacet
  facet normal 0 0 1
    outer loop
      vertex -2.19203 -12.192 2.7
      vertex -1.20208 -11.2021 2.7
      vertex -1.31412 -11.0785 2.7
    endloop
  endfacet
  facet normal 0 0 1
    outer loop
      vertex -2.39633 -11.9666 2.7
      vertex -1.31412 -11.0785 2.7
      vertex -1.4135 -10.9445 2.7
    endloop
  endfacet
  facet normal 0 0 1
    outer loop
      vertex -0.801374 -11.4993 2.7
      vertex -1.46133 -12.734 2.7
      vertex -1.18632 -12.864 2.7
    endloop
  endfacet
  facet normal 0 0 1
    outer loop
      vertex -2.57756 -11.7223 2.7
      vertex -1.4135 -10.9445 2.7
      vertex -1.49927 -10.8014 2.7
    endloop
  endfacet
  facet normal 0 0 1
    outer loop
      vertex -2.73396 -11.4613 2.7
      vertex -1.49927 -10.8014 2.7
      vertex -1.57059 -10.6506 2.7
    endloop
  endfacet
  facet normal 0 0 1
    outer loop
      vertex -2.86403 -11.1863 2.7
      vertex -1.57059 -10.6506 2.7
      vertex -1.6268 -10.4935 2.7
    endloop
  endfacet
  facet normal 0 0 1
    outer loop
      vertex -2.96651 -10.8999 2.7
      vertex -1.6268 -10.4935 2.7
      vertex -1.66733 -10.3317 2.7
    endloop
  endfacet
  facet normal 0 0 1
    outer loop
      vertex -3.04043 -10.6048 2.7
      vertex -1.66733 -10.3317 2.7
      vertex -1.69181 -10.1666 2.7
    endloop
  endfacet
  facet normal 0 0 1
    outer loop
      vertex -0.944468 -11.4135 2.7
      vertex -1.72227 -12.5776 2.7
      vertex -1.46133 -12.734 2.7
    endloop
  endfacet
  facet normal 0 0 1
    outer loop
      vertex -3.08507 -10.3039 2.7
      vertex -1.69181 -10.1666 2.7
      vertex -1.7 -10 2.7
    endloop
  endfacet
  facet normal 0 0 1
    outer loop
      vertex -1.49927 -9.19863 2.7
      vertex -2.73396 -8.53867 2.7
      vertex -1.57059 -9.34944 2.7
    endloop
  endfacet
  facet normal -0 0 1
    outer loop
      vertex -2.86403 -8.81368 2.7
      vertex -1.57059 -9.34944 2.7
      vertex -2.73396 -8.53867 2.7
    endloop
  endfacet
  facet normal 0 0 1
    outer loop
      vertex -1.07847 -11.3141 2.7
      vertex -1.96662 -12.3963 2.7
      vertex -1.72227 -12.5776 2.7
    endloop
  endfacet
  facet normal 0 0 1
    outer loop
      vertex -1.57059 -9.34944 2.7
      vertex -2.86403 -8.81368 2.7
      vertex -1.6268 -9.50652 2.7
    endloop
  endfacet
  facet normal 0 0 1
    outer loop
      vertex -1.20208 -11.2021 2.7
      vertex -2.19203 -12.192 2.7
      vertex -1.96662 -12.3963 2.7
    endloop
  endfacet
  facet normal -0 0 1
    outer loop
      vertex -2.96651 -9.10012 2.7
      vertex -1.6268 -9.50652 2.7
      vertex -2.86403 -8.81368 2.7
    endloop
  endfacet
  facet normal 0 0 1
    outer loop
      vertex -1.31412 -11.0785 2.7
      vertex -2.39633 -11.9666 2.7
      vertex -2.19203 -12.192 2.7
    endloop
  endfacet
  facet normal 0 0 1
    outer loop
      vertex -1.6268 -9.50652 2.7
      vertex -2.96651 -9.10012 2.7
      vertex -1.66733 -9.66835 2.7
    endloop
  endfacet
  facet normal 0 0 1
    outer loop
      vertex -1.4135 -10.9445 2.7
      vertex -2.57756 -11.7223 2.7
      vertex -2.39633 -11.9666 2.7
    endloop
  endfacet
  facet normal -0 0 1
    outer loop
      vertex -3.04043 -9.39522 2.7
      vertex -1.66733 -9.66835 2.7
      vertex -2.96651 -9.10012 2.7
    endloop
  endfacet
  facet normal 0 0 1
    outer loop
      vertex -1.49927 -10.8014 2.7
      vertex -2.73396 -11.4613 2.7
      vertex -2.57756 -11.7223 2.7
    endloop
  endfacet
  facet normal 0 0 1
    outer loop
      vertex -1.66733 -9.66835 2.7
      vertex -3.04043 -9.39522 2.7
      vertex -1.69181 -9.83337 2.7
    endloop
  endfacet
  facet normal 0 0 1
    outer loop
      vertex -1.57059 -10.6506 2.7
      vertex -2.86403 -11.1863 2.7
      vertex -2.73396 -11.4613 2.7
    endloop
  endfacet
  facet normal -0 0 1
    outer loop
      vertex -3.08507 -9.69615 2.7
      vertex -1.69181 -9.83337 2.7
      vertex -3.04043 -9.39522 2.7
    endloop
  endfacet
  facet normal 0 0 1
    outer loop
      vertex -1.6268 -10.4935 2.7
      vertex -2.96651 -10.8999 2.7
      vertex -2.86403 -11.1863 2.7
    endloop
  endfacet
  facet normal 0 0 1
    outer loop
      vertex -1.69181 -9.83337 2.7
      vertex -3.08507 -9.69615 2.7
      vertex -1.7 -10 2.7
    endloop
  endfacet
  facet normal 0 0 1
    outer loop
      vertex -1.66733 -10.3317 2.7
      vertex -3.04043 -10.6048 2.7
      vertex -2.96651 -10.8999 2.7
    endloop
  endfacet
  facet normal 0 0 1
    outer loop
      vertex -3.1 -10 2.7
      vertex -1.7 -10 2.7
      vertex -3.08507 -9.69615 2.7
    endloop
  endfacet
  facet normal 0 0 1
    outer loop
      vertex -1.69181 -10.1666 2.7
      vertex -3.08507 -10.3039 2.7
      vertex -3.04043 -10.6048 2.7
    endloop
  endfacet
  facet normal 0 0 1
    outer loop
      vertex -1.7 -10 2.7
      vertex -3.1 -10 2.7
      vertex -3.08507 -10.3039 2.7
    endloop
  endfacet
  facet normal 0.740951 -0.671559 0
    outer loop
      vertex -2.39633 -8.03338 6
      vertex -2.19203 -7.80797 2.7
      vertex -2.19203 -7.80797 6
    endloop
  endfacet
  facet normal 0.740951 -0.671559 0
    outer loop
      vertex -2.19203 -7.80797 2.7
      vertex -2.39633 -8.03338 6
      vertex -2.39633 -8.03338 2.7
    endloop
  endfacet
  facet normal 0.336863 -0.941554 0
    outer loop
      vertex -1.18632 -7.13597 2.7
      vertex -0.899882 -7.03349 6
      vertex -1.18632 -7.13597 6
    endloop
  endfacet
  facet normal 0.336863 -0.941554 0
    outer loop
      vertex -0.899882 -7.03349 6
      vertex -1.18632 -7.13597 2.7
      vertex -0.899882 -7.03349 2.7
    endloop
  endfacet
  facet normal -0.989176 -0.146734 0
    outer loop
      vertex 3.08507 -9.69615 2.7
      vertex 3.04043 -9.39522 6
      vertex 3.04043 -9.39522 2.7
    endloop
  endfacet
  facet normal -0.989176 -0.146734 0
    outer loop
      vertex 3.04043 -9.39522 6
      vertex 3.08507 -9.69615 2.7
      vertex 3.08507 -9.69615 6
    endloop
  endfacet
  facet normal 0.903983 0.427568 0
    outer loop
      vertex -2.73396 -11.4613 6
      vertex -2.86403 -11.1863 2.7
      vertex -2.86403 -11.1863 6
    endloop
  endfacet
  facet normal 0.903983 0.427568 0
    outer loop
      vertex -2.86403 -11.1863 2.7
      vertex -2.73396 -11.4613 6
      vertex -2.73396 -11.4613 2.7
    endloop
  endfacet
  facet normal 0.803137 0.595794 0
    outer loop
      vertex -2.39633 -11.9666 6
      vertex -2.57756 -11.7223 2.7
      vertex -2.57756 -11.7223 6
    endloop
  endfacet
  facet normal 0.803137 0.595794 0
    outer loop
      vertex -2.57756 -11.7223 2.7
      vertex -2.39633 -11.9666 6
      vertex -2.39633 -11.9666 2.7
    endloop
  endfacet
  facet normal -0.989174 0.146749 0
    outer loop
      vertex 3.04043 -10.6048 2.7
      vertex 3.08507 -10.3039 6
      vertex 3.08507 -10.3039 2.7
    endloop
  endfacet
  facet normal -0.989174 0.146749 0
    outer loop
      vertex 3.08507 -10.3039 6
      vertex 3.04043 -10.6048 2.7
      vertex 3.04043 -10.6048 6
    endloop
  endfacet
  facet normal -0.514099 -0.857731 0
    outer loop
      vertex 1.46133 -7.26604 2.7
      vertex 1.72227 -7.42244 6
      vertex 1.46133 -7.26604 6
    endloop
  endfacet
  facet normal -0.514099 -0.857731 -0
    outer loop
      vertex 1.72227 -7.42244 6
      vertex 1.46133 -7.26604 2.7
      vertex 1.72227 -7.42244 2.7
    endloop
  endfacet
  facet normal 0.0490764 -0.998795 0
    outer loop
      vertex -0.303853 -6.91493 2.7
      vertex 0 -6.9 6
      vertex -0.303853 -6.91493 6
    endloop
  endfacet
  facet normal 0.0490764 -0.998795 0
    outer loop
      vertex 0 -6.9 6
      vertex -0.303853 -6.91493 2.7
      vertex 0 -6.9 2.7
    endloop
  endfacet
  facet normal 0.242982 -0.970031 0
    outer loop
      vertex -0.899882 -7.03349 2.7
      vertex -0.604779 -6.95957 6
      vertex -0.899882 -7.03349 6
    endloop
  endfacet
  facet normal 0.242982 -0.970031 0
    outer loop
      vertex -0.604779 -6.95957 6
      vertex -0.899882 -7.03349 2.7
      vertex -0.604779 -6.95957 2.7
    endloop
  endfacet
  facet normal -0.514099 0.857731 0
    outer loop
      vertex 1.72227 -12.5776 2.7
      vertex 1.46133 -12.734 6
      vertex 1.72227 -12.5776 6
    endloop
  endfacet
  facet normal -0.514099 0.857731 0
    outer loop
      vertex 1.46133 -12.734 6
      vertex 1.72227 -12.5776 2.7
      vertex 1.46133 -12.734 2.7
    endloop
  endfacet
  facet normal 0.671559 -0.740951 0
    outer loop
      vertex -2.19203 -7.80797 2.7
      vertex -1.96662 -7.60367 6
      vertex -2.19203 -7.80797 6
    endloop
  endfacet
  facet normal 0.671559 -0.740951 0
    outer loop
      vertex -1.96662 -7.60367 6
      vertex -2.19203 -7.80797 2.7
      vertex -1.96662 -7.60367 2.7
    endloop
  endfacet
  facet normal -0.336921 0.941533 0
    outer loop
      vertex 1.18632 -12.864 2.7
      vertex 0.899882 -12.9665 6
      vertex 1.18632 -12.864 6
    endloop
  endfacet
  facet normal -0.336921 0.941533 0
    outer loop
      vertex 0.899882 -12.9665 6
      vertex 1.18632 -12.864 2.7
      vertex 0.899882 -12.9665 2.7
    endloop
  endfacet
  facet normal -0.146929 0.989147 0
    outer loop
      vertex 0.604779 -13.0404 2.7
      vertex 0.303853 -13.0851 6
      vertex 0.604779 -13.0404 6
    endloop
  endfacet
  facet normal -0.146929 0.989147 0
    outer loop
      vertex 0.303853 -13.0851 6
      vertex 0.604779 -13.0404 2.7
      vertex 0.303853 -13.0851 2.7
    endloop
  endfacet
  facet normal -0.048978 0.9988 0
    outer loop
      vertex 0.303853 -13.0851 2.7
      vertex 0 -13.1 6
      vertex 0.303853 -13.0851 6
    endloop
  endfacet
  facet normal -0.048978 0.9988 0
    outer loop
      vertex 0 -13.1 6
      vertex 0.303853 -13.0851 2.7
      vertex 0 -13.1 2.7
    endloop
  endfacet
  facet normal -0.740951 -0.671559 0
    outer loop
      vertex 2.39633 -8.03338 2.7
      vertex 2.19203 -7.80797 6
      vertex 2.19203 -7.80797 2.7
    endloop
  endfacet
  facet normal -0.740951 -0.671559 0
    outer loop
      vertex 2.19203 -7.80797 6
      vertex 2.39633 -8.03338 2.7
      vertex 2.39633 -8.03338 6
    endloop
  endfacet
  facet normal -0.97003 0.242984 0
    outer loop
      vertex 2.96651 -10.8999 2.7
      vertex 3.04043 -10.6048 6
      vertex 3.04043 -10.6048 2.7
    endloop
  endfacet
  facet normal -0.97003 0.242984 0
    outer loop
      vertex 3.04043 -10.6048 6
      vertex 2.96651 -10.8999 2.7
      vertex 2.96651 -10.8999 6
    endloop
  endfacet
  facet normal -0.336863 -0.941554 0
    outer loop
      vertex 0.899882 -7.03349 2.7
      vertex 1.18632 -7.13597 6
      vertex 0.899882 -7.03349 6
    endloop
  endfacet
  facet normal -0.336863 -0.941554 -0
    outer loop
      vertex 1.18632 -7.13597 6
      vertex 0.899882 -7.03349 2.7
      vertex 1.18632 -7.13597 2.7
    endloop
  endfacet
  facet normal 0.24292 0.970046 -0
    outer loop
      vertex -0.604779 -13.0404 2.7
      vertex -0.899882 -12.9665 6
      vertex -0.604779 -13.0404 6
    endloop
  endfacet
  facet normal 0.24292 0.970046 0
    outer loop
      vertex -0.899882 -12.9665 6
      vertex -0.604779 -13.0404 2.7
      vertex -0.899882 -12.9665 2.7
    endloop
  endfacet
  facet normal -0.803195 -0.595716 0
    outer loop
      vertex 2.57756 -8.27773 2.7
      vertex 2.39633 -8.03338 6
      vertex 2.39633 -8.03338 2.7
    endloop
  endfacet
  facet normal -0.803195 -0.595716 0
    outer loop
      vertex 2.39633 -8.03338 6
      vertex 2.57756 -8.27773 2.7
      vertex 2.57756 -8.27773 6
    endloop
  endfacet
  facet normal 0.146929 0.989147 -0
    outer loop
      vertex -0.303853 -13.0851 2.7
      vertex -0.604779 -13.0404 6
      vertex -0.303853 -13.0851 6
    endloop
  endfacet
  facet normal 0.146929 0.989147 0
    outer loop
      vertex -0.604779 -13.0404 6
      vertex -0.303853 -13.0851 2.7
      vertex -0.604779 -13.0404 2.7
    endloop
  endfacet
  facet normal -0.998795 0.0490688 0
    outer loop
      vertex 3.08507 -10.3039 2.7
      vertex 3.1 -10 6
      vertex 3.1 -10 2.7
    endloop
  endfacet
  facet normal -0.998795 0.0490688 0
    outer loop
      vertex 3.1 -10 6
      vertex 3.08507 -10.3039 2.7
      vertex 3.08507 -10.3039 6
    endloop
  endfacet
  facet normal 0.740936 0.671576 0
    outer loop
      vertex -2.19203 -12.192 6
      vertex -2.39633 -11.9666 2.7
      vertex -2.39633 -11.9666 6
    endloop
  endfacet
  facet normal 0.740936 0.671576 0
    outer loop
      vertex -2.39633 -11.9666 2.7
      vertex -2.19203 -12.192 6
      vertex -2.19203 -12.192 2.7
    endloop
  endfacet
  facet normal -0.903983 0.427568 0
    outer loop
      vertex 2.73396 -11.4613 2.7
      vertex 2.86403 -11.1863 6
      vertex 2.86403 -11.1863 2.7
    endloop
  endfacet
  facet normal -0.903983 0.427568 0
    outer loop
      vertex 2.86403 -11.1863 6
      vertex 2.73396 -11.4613 2.7
      vertex 2.73396 -11.4613 6
    endloop
  endfacet
  facet normal 0.998795 0.0490688 0
    outer loop
      vertex -3.08507 -10.3039 6
      vertex -3.1 -10 2.7
      vertex -3.1 -10 6
    endloop
  endfacet
  facet normal 0.998795 0.0490688 0
    outer loop
      vertex -3.1 -10 2.7
      vertex -3.08507 -10.3039 6
      vertex -3.08507 -10.3039 2.7
    endloop
  endfacet
  facet normal -0.857731 -0.514099 0
    outer loop
      vertex 2.73396 -8.53867 2.7
      vertex 2.57756 -8.27773 6
      vertex 2.57756 -8.27773 2.7
    endloop
  endfacet
  facet normal -0.857731 -0.514099 0
    outer loop
      vertex 2.57756 -8.27773 6
      vertex 2.73396 -8.53867 2.7
      vertex 2.73396 -8.53867 6
    endloop
  endfacet
  facet normal 0.903989 -0.427555 0
    outer loop
      vertex -2.86403 -8.81368 6
      vertex -2.73396 -8.53867 2.7
      vertex -2.73396 -8.53867 6
    endloop
  endfacet
  facet normal 0.903989 -0.427555 0
    outer loop
      vertex -2.73396 -8.53867 2.7
      vertex -2.86403 -8.81368 6
      vertex -2.86403 -8.81368 2.7
    endloop
  endfacet
  facet normal -0.427555 -0.903989 0
    outer loop
      vertex 1.18632 -7.13597 2.7
      vertex 1.46133 -7.26604 6
      vertex 1.18632 -7.13597 6
    endloop
  endfacet
  facet normal -0.427555 -0.903989 -0
    outer loop
      vertex 1.46133 -7.26604 6
      vertex 1.18632 -7.13597 2.7
      vertex 1.46133 -7.26604 2.7
    endloop
  endfacet
  facet normal 0.857783 0.514012 0
    outer loop
      vertex -2.57756 -11.7223 6
      vertex -2.73396 -11.4613 2.7
      vertex -2.73396 -11.4613 6
    endloop
  endfacet
  facet normal 0.857783 0.514012 0
    outer loop
      vertex -2.73396 -11.4613 2.7
      vertex -2.57756 -11.7223 6
      vertex -2.57756 -11.7223 2.7
    endloop
  endfacet
  facet normal 0.97003 0.242984 0
    outer loop
      vertex -2.96651 -10.8999 6
      vertex -3.04043 -10.6048 2.7
      vertex -3.04043 -10.6048 6
    endloop
  endfacet
  facet normal 0.97003 0.242984 0
    outer loop
      vertex -3.04043 -10.6048 2.7
      vertex -2.96651 -10.8999 6
      vertex -2.96651 -10.8999 2.7
    endloop
  endfacet
  facet normal 0.595716 -0.803195 0
    outer loop
      vertex -1.96662 -7.60367 2.7
      vertex -1.72227 -7.42244 6
      vertex -1.96662 -7.60367 6
    endloop
  endfacet
  facet normal 0.595716 -0.803195 0
    outer loop
      vertex -1.72227 -7.42244 6
      vertex -1.96662 -7.60367 2.7
      vertex -1.72227 -7.42244 2.7
    endloop
  endfacet
  facet normal -0.803137 0.595794 0
    outer loop
      vertex 2.39633 -11.9666 2.7
      vertex 2.57756 -11.7223 6
      vertex 2.57756 -11.7223 2.7
    endloop
  endfacet
  facet normal -0.803137 0.595794 0
    outer loop
      vertex 2.57756 -11.7223 6
      vertex 2.39633 -11.9666 2.7
      vertex 2.39633 -11.9666 6
    endloop
  endfacet
  facet normal 0.941539 0.336903 0
    outer loop
      vertex -2.86403 -11.1863 6
      vertex -2.96651 -10.8999 2.7
      vertex -2.96651 -10.8999 6
    endloop
  endfacet
  facet normal 0.941539 0.336903 0
    outer loop
      vertex -2.96651 -10.8999 2.7
      vertex -2.86403 -11.1863 6
      vertex -2.86403 -11.1863 2.7
    endloop
  endfacet
  facet normal 0.146736 -0.989176 0
    outer loop
      vertex -0.604779 -6.95957 2.7
      vertex -0.303853 -6.91493 6
      vertex -0.604779 -6.95957 6
    endloop
  endfacet
  facet normal 0.146736 -0.989176 0
    outer loop
      vertex -0.303853 -6.91493 6
      vertex -0.604779 -6.95957 2.7
      vertex -0.303853 -6.91493 2.7
    endloop
  endfacet
  facet normal 0.671559 0.740951 -0
    outer loop
      vertex -1.96662 -12.3963 2.7
      vertex -2.19203 -12.192 6
      vertex -1.96662 -12.3963 6
    endloop
  endfacet
  facet normal 0.671559 0.740951 0
    outer loop
      vertex -2.19203 -12.192 6
      vertex -1.96662 -12.3963 2.7
      vertex -2.19203 -12.192 2.7
    endloop
  endfacet
  facet normal 0.989174 0.146749 0
    outer loop
      vertex -3.04043 -10.6048 6
      vertex -3.08507 -10.3039 2.7
      vertex -3.08507 -10.3039 6
    endloop
  endfacet
  facet normal 0.989174 0.146749 0
    outer loop
      vertex -3.08507 -10.3039 2.7
      vertex -3.04043 -10.6048 6
      vertex -3.04043 -10.6048 2.7
    endloop
  endfacet
  facet normal -0.671559 -0.740951 0
    outer loop
      vertex 1.96662 -7.60367 2.7
      vertex 2.19203 -7.80797 6
      vertex 1.96662 -7.60367 6
    endloop
  endfacet
  facet normal -0.671559 -0.740951 -0
    outer loop
      vertex 2.19203 -7.80797 6
      vertex 1.96662 -7.60367 2.7
      vertex 2.19203 -7.80797 2.7
    endloop
  endfacet
  facet normal 0.97003 -0.242984 0
    outer loop
      vertex -3.04043 -9.39522 6
      vertex -2.96651 -9.10012 2.7
      vertex -2.96651 -9.10012 6
    endloop
  endfacet
  facet normal 0.97003 -0.242984 0
    outer loop
      vertex -2.96651 -9.10012 2.7
      vertex -3.04043 -9.39522 6
      vertex -3.04043 -9.39522 2.7
    endloop
  endfacet
  facet normal -0.24292 0.970046 0
    outer loop
      vertex 0.899882 -12.9665 2.7
      vertex 0.604779 -13.0404 6
      vertex 0.899882 -12.9665 6
    endloop
  endfacet
  facet normal -0.24292 0.970046 0
    outer loop
      vertex 0.604779 -13.0404 6
      vertex 0.899882 -12.9665 2.7
      vertex 0.604779 -13.0404 2.7
    endloop
  endfacet
  facet normal 0.941554 -0.336861 0
    outer loop
      vertex -2.96651 -9.10012 6
      vertex -2.86403 -8.81368 2.7
      vertex -2.86403 -8.81368 6
    endloop
  endfacet
  facet normal 0.941554 -0.336861 0
    outer loop
      vertex -2.86403 -8.81368 2.7
      vertex -2.96651 -9.10012 6
      vertex -2.96651 -9.10012 2.7
    endloop
  endfacet
  facet normal -0.595864 0.803085 0
    outer loop
      vertex 1.96662 -12.3963 2.7
      vertex 1.72227 -12.5776 6
      vertex 1.96662 -12.3963 6
    endloop
  endfacet
  facet normal -0.595864 0.803085 0
    outer loop
      vertex 1.72227 -12.5776 6
      vertex 1.96662 -12.3963 2.7
      vertex 1.72227 -12.5776 2.7
    endloop
  endfacet
  facet normal 0.803195 -0.595716 0
    outer loop
      vertex -2.57756 -8.27773 6
      vertex -2.39633 -8.03338 2.7
      vertex -2.39633 -8.03338 6
    endloop
  endfacet
  facet normal 0.803195 -0.595716 0
    outer loop
      vertex -2.39633 -8.03338 2.7
      vertex -2.57756 -8.27773 6
      vertex -2.57756 -8.27773 2.7
    endloop
  endfacet
  facet normal 0.989176 -0.146734 0
    outer loop
      vertex -3.08507 -9.69615 6
      vertex -3.04043 -9.39522 2.7
      vertex -3.04043 -9.39522 6
    endloop
  endfacet
  facet normal 0.989176 -0.146734 0
    outer loop
      vertex -3.04043 -9.39522 2.7
      vertex -3.08507 -9.69615 6
      vertex -3.08507 -9.69615 2.7
    endloop
  endfacet
  facet normal 0.998795 -0.0490769 0
    outer loop
      vertex -3.1 -10 6
      vertex -3.08507 -9.69615 2.7
      vertex -3.08507 -9.69615 6
    endloop
  endfacet
  facet normal 0.998795 -0.0490769 0
    outer loop
      vertex -3.08507 -9.69615 2.7
      vertex -3.1 -10 6
      vertex -3.1 -10 2.7
    endloop
  endfacet
  facet normal 0.857731 -0.514099 0
    outer loop
      vertex -2.73396 -8.53867 6
      vertex -2.57756 -8.27773 2.7
      vertex -2.57756 -8.27773 6
    endloop
  endfacet
  facet normal 0.857731 -0.514099 0
    outer loop
      vertex -2.57756 -8.27773 2.7
      vertex -2.73396 -8.53867 6
      vertex -2.73396 -8.53867 2.7
    endloop
  endfacet
  facet normal -0.671559 0.740951 0
    outer loop
      vertex 2.19203 -12.192 2.7
      vertex 1.96662 -12.3963 6
      vertex 2.19203 -12.192 6
    endloop
  endfacet
  facet normal -0.671559 0.740951 0
    outer loop
      vertex 1.96662 -12.3963 6
      vertex 2.19203 -12.192 2.7
      vertex 1.96662 -12.3963 2.7
    endloop
  endfacet
  facet normal 0.048978 0.9988 -0
    outer loop
      vertex 0 -13.1 2.7
      vertex -0.303853 -13.0851 6
      vertex 0 -13.1 6
    endloop
  endfacet
  facet normal 0.048978 0.9988 0
    outer loop
      vertex -0.303853 -13.0851 6
      vertex 0 -13.1 2.7
      vertex -0.303853 -13.0851 2.7
    endloop
  endfacet
  facet normal 0.336921 0.941533 -0
    outer loop
      vertex -0.899882 -12.9665 2.7
      vertex -1.18632 -12.864 6
      vertex -0.899882 -12.9665 6
    endloop
  endfacet
  facet normal 0.336921 0.941533 0
    outer loop
      vertex -1.18632 -12.864 6
      vertex -0.899882 -12.9665 2.7
      vertex -1.18632 -12.864 2.7
    endloop
  endfacet
  facet normal -0.242982 -0.970031 0
    outer loop
      vertex 0.604779 -6.95957 2.7
      vertex 0.899882 -7.03349 6
      vertex 0.604779 -6.95957 6
    endloop
  endfacet
  facet normal -0.242982 -0.970031 -0
    outer loop
      vertex 0.899882 -7.03349 6
      vertex 0.604779 -6.95957 2.7
      vertex 0.899882 -7.03349 2.7
    endloop
  endfacet
  facet normal 0.514099 0.857731 -0
    outer loop
      vertex -1.46133 -12.734 2.7
      vertex -1.72227 -12.5776 6
      vertex -1.46133 -12.734 6
    endloop
  endfacet
  facet normal 0.514099 0.857731 0
    outer loop
      vertex -1.72227 -12.5776 6
      vertex -1.46133 -12.734 2.7
      vertex -1.72227 -12.5776 2.7
    endloop
  endfacet
  facet normal -0.989185 -0.14667 0
    outer loop
      vertex 1.69181 10.1666 0
      vertex 1.66733 10.3317 2.7
      vertex 1.66733 10.3317 0
    endloop
  endfacet
  facet normal -0.989185 -0.14667 0
    outer loop
      vertex 1.66733 10.3317 2.7
      vertex 1.69181 10.1666 0
      vertex 1.69181 10.1666 2.7
    endloop
  endfacet
  facet normal -0.998794 -0.0491004 0
    outer loop
      vertex 1.7 10 0
      vertex 1.69181 10.1666 2.7
      vertex 1.69181 10.1666 0
    endloop
  endfacet
  facet normal -0.998794 -0.0491004 0
    outer loop
      vertex 1.69181 10.1666 2.7
      vertex 1.7 10 0
      vertex 1.7 10 2.7
    endloop
  endfacet
  facet normal -0.97003 -0.242987 0
    outer loop
      vertex 1.66733 10.3317 0
      vertex 1.6268 10.4935 2.7
      vertex 1.6268 10.4935 0
    endloop
  endfacet
  facet normal -0.97003 -0.242987 0
    outer loop
      vertex 1.6268 10.4935 2.7
      vertex 1.66733 10.3317 0
      vertex 1.66733 10.3317 2.7
    endloop
  endfacet
  facet normal -0.42751 0.904011 0
    outer loop
      vertex 0.801374 8.50073 0
      vertex 0.650561 8.42941 2.7
      vertex 0.801374 8.50073 2.7
    endloop
  endfacet
  facet normal -0.42751 0.904011 0
    outer loop
      vertex 0.650561 8.42941 2.7
      vertex 0.801374 8.50073 0
      vertex 0.650561 8.42941 0
    endloop
  endfacet
  facet normal 0.0491516 -0.998791 0
    outer loop
      vertex -0.166629 11.6918 0
      vertex 0 11.7 2.7
      vertex -0.166629 11.6918 2.7
    endloop
  endfacet
  facet normal 0.0491516 -0.998791 0
    outer loop
      vertex 0 11.7 2.7
      vertex -0.166629 11.6918 0
      vertex 0 11.7 0
    endloop
  endfacet
  facet normal 0.427412 -0.904057 0
    outer loop
      vertex -0.801374 11.4993 0
      vertex -0.650561 11.5706 2.7
      vertex -0.801374 11.4993 2.7
    endloop
  endfacet
  facet normal 0.427412 -0.904057 0
    outer loop
      vertex -0.650561 11.5706 2.7
      vertex -0.801374 11.4993 0
      vertex -0.650561 11.5706 0
    endloop
  endfacet
  facet normal -0.740905 -0.67161 0
    outer loop
      vertex 1.31412 11.0785 0
      vertex 1.20208 11.2021 2.7
      vertex 1.20208 11.2021 0
    endloop
  endfacet
  facet normal -0.740905 -0.67161 0
    outer loop
      vertex 1.20208 11.2021 2.7
      vertex 1.31412 11.0785 0
      vertex 1.31412 11.0785 2.7
    endloop
  endfacet
  facet normal 0.146736 0.989176 -0
    outer loop
      vertex -0.166629 8.30819 0
      vertex -0.331653 8.33267 2.7
      vertex -0.166629 8.30819 2.7
    endloop
  endfacet
  facet normal 0.146736 0.989176 0
    outer loop
      vertex -0.331653 8.33267 2.7
      vertex -0.166629 8.30819 0
      vertex -0.331653 8.33267 0
    endloop
  endfacet
  facet normal -0.427412 -0.904057 0
    outer loop
      vertex 0.650561 11.5706 0
      vertex 0.801374 11.4993 2.7
      vertex 0.650561 11.5706 2.7
    endloop
  endfacet
  facet normal -0.427412 -0.904057 -0
    outer loop
      vertex 0.801374 11.4993 2.7
      vertex 0.650561 11.5706 0
      vertex 0.801374 11.4993 0
    endloop
  endfacet
  facet normal 0.146854 -0.989158 0
    outer loop
      vertex -0.331653 11.6673 0
      vertex -0.166629 11.6918 2.7
      vertex -0.331653 11.6673 2.7
    endloop
  endfacet
  facet normal 0.146854 -0.989158 0
    outer loop
      vertex -0.166629 11.6918 2.7
      vertex -0.331653 11.6673 0
      vertex -0.166629 11.6918 0
    endloop
  endfacet
  facet normal -0.242943 0.970041 0
    outer loop
      vertex 0.493484 8.3732 0
      vertex 0.331653 8.33267 2.7
      vertex 0.493484 8.3732 2.7
    endloop
  endfacet
  facet normal -0.242943 0.970041 0
    outer loop
      vertex 0.331653 8.33267 2.7
      vertex 0.493484 8.3732 0
      vertex 0.331653 8.33267 0
    endloop
  endfacet
  facet normal 0.595766 -0.803158 0
    outer loop
      vertex -1.07847 11.3141 0
      vertex -0.944468 11.4135 2.7
      vertex -1.07847 11.3141 2.7
    endloop
  endfacet
  facet normal 0.595766 -0.803158 0
    outer loop
      vertex -0.944468 11.4135 2.7
      vertex -1.07847 11.3141 0
      vertex -0.944468 11.4135 0
    endloop
  endfacet
  facet normal 0.903996 -0.42754 0
    outer loop
      vertex -1.57059 10.6506 2.7
      vertex -1.49927 10.8014 0
      vertex -1.49927 10.8014 2.7
    endloop
  endfacet
  facet normal 0.903996 -0.42754 0
    outer loop
      vertex -1.49927 10.8014 0
      vertex -1.57059 10.6506 2.7
      vertex -1.57059 10.6506 0
    endloop
  endfacet
  facet normal 0.42751 0.904011 -0
    outer loop
      vertex -0.650561 8.42941 0
      vertex -0.801374 8.50073 2.7
      vertex -0.650561 8.42941 2.7
    endloop
  endfacet
  facet normal 0.42751 0.904011 0
    outer loop
      vertex -0.801374 8.50073 2.7
      vertex -0.650561 8.42941 0
      vertex -0.801374 8.50073 0
    endloop
  endfacet
  facet normal 0.595689 0.803215 -0
    outer loop
      vertex -0.944468 8.5865 0
      vertex -1.07847 8.68588 2.7
      vertex -0.944468 8.5865 2.7
    endloop
  endfacet
  facet normal 0.595689 0.803215 0
    outer loop
      vertex -1.07847 8.68588 2.7
      vertex -0.944468 8.5865 0
      vertex -1.07847 8.68588 0
    endloop
  endfacet
  facet normal 0.904007 0.427517 0
    outer loop
      vertex -1.49927 9.19863 2.7
      vertex -1.57059 9.34944 0
      vertex -1.57059 9.34944 2.7
    endloop
  endfacet
  facet normal 0.904007 0.427517 0
    outer loop
      vertex -1.57059 9.34944 0
      vertex -1.49927 9.19863 2.7
      vertex -1.49927 9.19863 0
    endloop
  endfacet
  facet normal -0.514247 -0.857642 0
    outer loop
      vertex 0.801374 11.4993 0
      vertex 0.944468 11.4135 2.7
      vertex 0.801374 11.4993 2.7
    endloop
  endfacet
  facet normal -0.514247 -0.857642 -0
    outer loop
      vertex 0.944468 11.4135 2.7
      vertex 0.801374 11.4993 0
      vertex 0.944468 11.4135 0
    endloop
  endfacet
  facet normal -0.595689 0.803215 0
    outer loop
      vertex 1.07847 8.68588 0
      vertex 0.944468 8.5865 2.7
      vertex 1.07847 8.68588 2.7
    endloop
  endfacet
  facet normal -0.595689 0.803215 0
    outer loop
      vertex 0.944468 8.5865 2.7
      vertex 1.07847 8.68588 0
      vertex 0.944468 8.5865 0
    endloop
  endfacet
  facet normal 0.998794 0.0490916 0
    outer loop
      vertex -1.69181 9.83337 2.7
      vertex -1.7 10 0
      vertex -1.7 10 2.7
    endloop
  endfacet
  facet normal 0.998794 0.0490916 0
    outer loop
      vertex -1.7 10 0
      vertex -1.69181 9.83337 2.7
      vertex -1.69181 9.83337 0
    endloop
  endfacet
  facet normal 0.336927 0.941531 -0
    outer loop
      vertex -0.493484 8.3732 0
      vertex -0.650561 8.42941 2.7
      vertex -0.493484 8.3732 2.7
    endloop
  endfacet
  facet normal 0.336927 0.941531 0
    outer loop
      vertex -0.650561 8.42941 2.7
      vertex -0.493484 8.3732 0
      vertex -0.650561 8.42941 0
    endloop
  endfacet
  facet normal -0.595766 -0.803158 0
    outer loop
      vertex 0.944468 11.4135 0
      vertex 1.07847 11.3141 2.7
      vertex 0.944468 11.4135 2.7
    endloop
  endfacet
  facet normal -0.595766 -0.803158 -0
    outer loop
      vertex 1.07847 11.3141 2.7
      vertex 0.944468 11.4135 0
      vertex 1.07847 11.3141 0
    endloop
  endfacet
  facet normal -0.97004 0.242945 0
    outer loop
      vertex 1.6268 9.50652 0
      vertex 1.66733 9.66835 2.7
      vertex 1.66733 9.66835 0
    endloop
  endfacet
  facet normal -0.97004 0.242945 0
    outer loop
      vertex 1.66733 9.66835 2.7
      vertex 1.6268 9.50652 0
      vertex 1.6268 9.50652 2.7
    endloop
  endfacet
  facet normal 0.941533 0.336921 0
    outer loop
      vertex -1.57059 9.34944 2.7
      vertex -1.6268 9.50652 0
      vertex -1.6268 9.50652 2.7
    endloop
  endfacet
  facet normal 0.941533 0.336921 0
    outer loop
      vertex -1.6268 9.50652 0
      vertex -1.57059 9.34944 2.7
      vertex -1.57059 9.34944 0
    endloop
  endfacet
  facet normal -0.242774 -0.970083 0
    outer loop
      vertex 0.331653 11.6673 0
      vertex 0.493484 11.6268 2.7
      vertex 0.331653 11.6673 2.7
    endloop
  endfacet
  facet normal -0.242774 -0.970083 -0
    outer loop
      vertex 0.493484 11.6268 2.7
      vertex 0.331653 11.6673 0
      vertex 0.493484 11.6268 0
    endloop
  endfacet
  facet normal 0.740905 -0.67161 0
    outer loop
      vertex -1.31412 11.0785 2.7
      vertex -1.20208 11.2021 0
      vertex -1.20208 11.2021 2.7
    endloop
  endfacet
  facet normal 0.740905 -0.67161 0
    outer loop
      vertex -1.20208 11.2021 0
      vertex -1.31412 11.0785 2.7
      vertex -1.31412 11.0785 0
    endloop
  endfacet
  facet normal -0.0490918 0.998794 0
    outer loop
      vertex 0.166629 8.30819 0
      vertex 0 8.3 2.7
      vertex 0.166629 8.30819 2.7
    endloop
  endfacet
  facet normal -0.0490918 0.998794 0
    outer loop
      vertex 0 8.3 2.7
      vertex 0.166629 8.30819 0
      vertex 0 8.3 0
    endloop
  endfacet
  facet normal -0.803211 -0.595695 0
    outer loop
      vertex 1.4135 10.9445 0
      vertex 1.31412 11.0785 2.7
      vertex 1.31412 11.0785 0
    endloop
  endfacet
  facet normal -0.803211 -0.595695 0
    outer loop
      vertex 1.31412 11.0785 2.7
      vertex 1.4135 10.9445 0
      vertex 1.4135 10.9445 2.7
    endloop
  endfacet
  facet normal 0.97004 0.242945 0
    outer loop
      vertex -1.6268 9.50652 2.7
      vertex -1.66733 9.66835 0
      vertex -1.66733 9.66835 2.7
    endloop
  endfacet
  facet normal 0.97004 0.242945 0
    outer loop
      vertex -1.66733 9.66835 0
      vertex -1.6268 9.50652 2.7
      vertex -1.6268 9.50652 0
    endloop
  endfacet
  facet normal -0.989175 0.14674 0
    outer loop
      vertex 1.66733 9.66835 0
      vertex 1.69181 9.83337 2.7
      vertex 1.69181 9.83337 0
    endloop
  endfacet
  facet normal -0.989175 0.14674 0
    outer loop
      vertex 1.69181 9.83337 2.7
      vertex 1.66733 9.66835 0
      vertex 1.66733 9.66835 2.7
    endloop
  endfacet
  facet normal -0.514115 0.857721 0
    outer loop
      vertex 0.944468 8.5865 0
      vertex 0.801374 8.50073 2.7
      vertex 0.944468 8.5865 2.7
    endloop
  endfacet
  facet normal -0.514115 0.857721 0
    outer loop
      vertex 0.801374 8.50073 2.7
      vertex 0.944468 8.5865 0
      vertex 0.801374 8.50073 0
    endloop
  endfacet
  facet normal 0.941546 -0.336883 0
    outer loop
      vertex -1.6268 10.4935 2.7
      vertex -1.57059 10.6506 0
      vertex -1.57059 10.6506 2.7
    endloop
  endfacet
  facet normal 0.941546 -0.336883 0
    outer loop
      vertex -1.57059 10.6506 0
      vertex -1.6268 10.4935 2.7
      vertex -1.6268 10.4935 0
    endloop
  endfacet
  facet normal 0.989185 -0.14667 0
    outer loop
      vertex -1.69181 10.1666 2.7
      vertex -1.66733 10.3317 0
      vertex -1.66733 10.3317 2.7
    endloop
  endfacet
  facet normal 0.989185 -0.14667 0
    outer loop
      vertex -1.66733 10.3317 0
      vertex -1.69181 10.1666 2.7
      vertex -1.69181 10.1666 0
    endloop
  endfacet
  facet normal -0.904007 0.427517 0
    outer loop
      vertex 1.49927 9.19863 0
      vertex 1.57059 9.34944 2.7
      vertex 1.57059 9.34944 0
    endloop
  endfacet
  facet normal -0.904007 0.427517 0
    outer loop
      vertex 1.57059 9.34944 2.7
      vertex 1.49927 9.19863 0
      vertex 1.49927 9.19863 2.7
    endloop
  endfacet
  facet normal -0.336874 -0.94155 0
    outer loop
      vertex 0.493484 11.6268 0
      vertex 0.650561 11.5706 2.7
      vertex 0.493484 11.6268 2.7
    endloop
  endfacet
  facet normal -0.336874 -0.94155 -0
    outer loop
      vertex 0.650561 11.5706 2.7
      vertex 0.493484 11.6268 0
      vertex 0.650561 11.5706 0
    endloop
  endfacet
  facet normal -0.998794 0.0490916 0
    outer loop
      vertex 1.69181 9.83337 0
      vertex 1.7 10 2.7
      vertex 1.7 10 0
    endloop
  endfacet
  facet normal -0.998794 0.0490916 0
    outer loop
      vertex 1.7 10 2.7
      vertex 1.69181 9.83337 0
      vertex 1.69181 9.83337 2.7
    endloop
  endfacet
  facet normal -0.146736 0.989176 0
    outer loop
      vertex 0.331653 8.33267 0
      vertex 0.166629 8.30819 2.7
      vertex 0.331653 8.33267 2.7
    endloop
  endfacet
  facet normal -0.146736 0.989176 0
    outer loop
      vertex 0.166629 8.30819 2.7
      vertex 0.331653 8.33267 0
      vertex 0.166629 8.30819 0
    endloop
  endfacet
  facet normal -0.941546 -0.336883 0
    outer loop
      vertex 1.6268 10.4935 0
      vertex 1.57059 10.6506 2.7
      vertex 1.57059 10.6506 0
    endloop
  endfacet
  facet normal -0.941546 -0.336883 0
    outer loop
      vertex 1.57059 10.6506 2.7
      vertex 1.6268 10.4935 0
      vertex 1.6268 10.4935 2.7
    endloop
  endfacet
  facet normal -0.803211 0.595695 0
    outer loop
      vertex 1.31412 8.92153 0
      vertex 1.4135 9.05553 2.7
      vertex 1.4135 9.05553 0
    endloop
  endfacet
  facet normal -0.803211 0.595695 0
    outer loop
      vertex 1.4135 9.05553 2.7
      vertex 1.31412 8.92153 0
      vertex 1.31412 8.92153 2.7
    endloop
  endfacet
  facet normal -0.857731 0.514099 0
    outer loop
      vertex 1.4135 9.05553 0
      vertex 1.49927 9.19863 2.7
      vertex 1.49927 9.19863 0
    endloop
  endfacet
  facet normal -0.857731 0.514099 0
    outer loop
      vertex 1.49927 9.19863 2.7
      vertex 1.4135 9.05553 0
      vertex 1.4135 9.05553 2.7
    endloop
  endfacet
  facet normal 0.242774 -0.970083 0
    outer loop
      vertex -0.493484 11.6268 0
      vertex -0.331653 11.6673 2.7
      vertex -0.493484 11.6268 2.7
    endloop
  endfacet
  facet normal 0.242774 -0.970083 0
    outer loop
      vertex -0.331653 11.6673 2.7
      vertex -0.493484 11.6268 0
      vertex -0.331653 11.6673 0
    endloop
  endfacet
  facet normal -0.941533 0.336921 0
    outer loop
      vertex 1.57059 9.34944 0
      vertex 1.6268 9.50652 2.7
      vertex 1.6268 9.50652 0
    endloop
  endfacet
  facet normal -0.941533 0.336921 0
    outer loop
      vertex 1.6268 9.50652 2.7
      vertex 1.57059 9.34944 0
      vertex 1.57059 9.34944 2.7
    endloop
  endfacet
  facet normal -0.0491516 -0.998791 0
    outer loop
      vertex 0 11.7 0
      vertex 0.166629 11.6918 2.7
      vertex 0 11.7 2.7
    endloop
  endfacet
  facet normal -0.0491516 -0.998791 -0
    outer loop
      vertex 0.166629 11.6918 2.7
      vertex 0 11.7 0
      vertex 0.166629 11.6918 0
    endloop
  endfacet
  facet normal 0.514247 -0.857642 0
    outer loop
      vertex -0.944468 11.4135 0
      vertex -0.801374 11.4993 2.7
      vertex -0.944468 11.4135 2.7
    endloop
  endfacet
  facet normal 0.514247 -0.857642 0
    outer loop
      vertex -0.801374 11.4993 2.7
      vertex -0.944468 11.4135 0
      vertex -0.801374 11.4993 0
    endloop
  endfacet
  facet normal -0.903996 -0.42754 0
    outer loop
      vertex 1.57059 10.6506 0
      vertex 1.49927 10.8014 2.7
      vertex 1.49927 10.8014 0
    endloop
  endfacet
  facet normal -0.903996 -0.42754 0
    outer loop
      vertex 1.49927 10.8014 2.7
      vertex 1.57059 10.6506 0
      vertex 1.57059 10.6506 2.7
    endloop
  endfacet
  facet normal -0.146854 -0.989158 0
    outer loop
      vertex 0.166629 11.6918 0
      vertex 0.331653 11.6673 2.7
      vertex 0.166629 11.6918 2.7
    endloop
  endfacet
  facet normal -0.146854 -0.989158 -0
    outer loop
      vertex 0.331653 11.6673 2.7
      vertex 0.166629 11.6918 0
      vertex 0.331653 11.6673 0
    endloop
  endfacet
  facet normal 0.242943 0.970041 -0
    outer loop
      vertex -0.331653 8.33267 0
      vertex -0.493484 8.3732 2.7
      vertex -0.331653 8.33267 2.7
    endloop
  endfacet
  facet normal 0.242943 0.970041 0
    outer loop
      vertex -0.493484 8.3732 2.7
      vertex -0.331653 8.33267 0
      vertex -0.493484 8.3732 0
    endloop
  endfacet
  facet normal 0.857731 0.514099 0
    outer loop
      vertex -1.4135 9.05553 2.7
      vertex -1.49927 9.19863 0
      vertex -1.49927 9.19863 2.7
    endloop
  endfacet
  facet normal 0.857731 0.514099 0
    outer loop
      vertex -1.49927 9.19863 0
      vertex -1.4135 9.05553 2.7
      vertex -1.4135 9.05553 0
    endloop
  endfacet
  facet normal -0.857731 -0.514099 0
    outer loop
      vertex 1.49927 10.8014 0
      vertex 1.4135 10.9445 2.7
      vertex 1.4135 10.9445 0
    endloop
  endfacet
  facet normal -0.857731 -0.514099 0
    outer loop
      vertex 1.4135 10.9445 2.7
      vertex 1.49927 10.8014 0
      vertex 1.49927 10.8014 2.7
    endloop
  endfacet
  facet normal 0.336874 -0.94155 0
    outer loop
      vertex -0.650561 11.5706 0
      vertex -0.493484 11.6268 2.7
      vertex -0.650561 11.5706 2.7
    endloop
  endfacet
  facet normal 0.336874 -0.94155 0
    outer loop
      vertex -0.493484 11.6268 2.7
      vertex -0.650561 11.5706 0
      vertex -0.493484 11.6268 0
    endloop
  endfacet
  facet normal 0.740932 0.67158 0
    outer loop
      vertex -1.20208 8.79792 2.7
      vertex -1.31412 8.92153 0
      vertex -1.31412 8.92153 2.7
    endloop
  endfacet
  facet normal 0.740932 0.67158 0
    outer loop
      vertex -1.31412 8.92153 0
      vertex -1.20208 8.79792 2.7
      vertex -1.20208 8.79792 0
    endloop
  endfacet
  facet normal 0.671448 -0.741051 0
    outer loop
      vertex -1.20208 11.2021 0
      vertex -1.07847 11.3141 2.7
      vertex -1.20208 11.2021 2.7
    endloop
  endfacet
  facet normal 0.671448 -0.741051 0
    outer loop
      vertex -1.07847 11.3141 2.7
      vertex -1.20208 11.2021 0
      vertex -1.07847 11.3141 0
    endloop
  endfacet
  facet normal 0.514115 0.857721 -0
    outer loop
      vertex -0.801374 8.50073 0
      vertex -0.944468 8.5865 2.7
      vertex -0.801374 8.50073 2.7
    endloop
  endfacet
  facet normal 0.514115 0.857721 0
    outer loop
      vertex -0.944468 8.5865 2.7
      vertex -0.801374 8.50073 0
      vertex -0.944468 8.5865 0
    endloop
  endfacet
  facet normal 0.97003 -0.242987 0
    outer loop
      vertex -1.66733 10.3317 2.7
      vertex -1.6268 10.4935 0
      vertex -1.6268 10.4935 2.7
    endloop
  endfacet
  facet normal 0.97003 -0.242987 0
    outer loop
      vertex -1.6268 10.4935 0
      vertex -1.66733 10.3317 2.7
      vertex -1.66733 10.3317 0
    endloop
  endfacet
  facet normal -0.671448 -0.741051 0
    outer loop
      vertex 1.07847 11.3141 0
      vertex 1.20208 11.2021 2.7
      vertex 1.07847 11.3141 2.7
    endloop
  endfacet
  facet normal -0.671448 -0.741051 -0
    outer loop
      vertex 1.20208 11.2021 2.7
      vertex 1.07847 11.3141 0
      vertex 1.20208 11.2021 0
    endloop
  endfacet
  facet normal -0.336927 0.941531 0
    outer loop
      vertex 0.650561 8.42941 0
      vertex 0.493484 8.3732 2.7
      vertex 0.650561 8.42941 2.7
    endloop
  endfacet
  facet normal -0.336927 0.941531 0
    outer loop
      vertex 0.493484 8.3732 2.7
      vertex 0.650561 8.42941 0
      vertex 0.493484 8.3732 0
    endloop
  endfacet
  facet normal 0.803211 0.595695 0
    outer loop
      vertex -1.31412 8.92153 2.7
      vertex -1.4135 9.05553 0
      vertex -1.4135 9.05553 2.7
    endloop
  endfacet
  facet normal 0.803211 0.595695 0
    outer loop
      vertex -1.4135 9.05553 0
      vertex -1.31412 8.92153 2.7
      vertex -1.31412 8.92153 0
    endloop
  endfacet
  facet normal 0.989175 0.14674 0
    outer loop
      vertex -1.66733 9.66835 2.7
      vertex -1.69181 9.83337 0
      vertex -1.69181 9.83337 2.7
    endloop
  endfacet
  facet normal 0.989175 0.14674 0
    outer loop
      vertex -1.69181 9.83337 0
      vertex -1.66733 9.66835 2.7
      vertex -1.66733 9.66835 0
    endloop
  endfacet
  facet normal 0.67158 0.740932 -0
    outer loop
      vertex -1.07847 8.68588 0
      vertex -1.20208 8.79792 2.7
      vertex -1.07847 8.68588 2.7
    endloop
  endfacet
  facet normal 0.67158 0.740932 0
    outer loop
      vertex -1.20208 8.79792 2.7
      vertex -1.07847 8.68588 0
      vertex -1.20208 8.79792 0
    endloop
  endfacet
  facet normal 0.803211 -0.595695 0
    outer loop
      vertex -1.4135 10.9445 2.7
      vertex -1.31412 11.0785 0
      vertex -1.31412 11.0785 2.7
    endloop
  endfacet
  facet normal 0.803211 -0.595695 0
    outer loop
      vertex -1.31412 11.0785 0
      vertex -1.4135 10.9445 2.7
      vertex -1.4135 10.9445 0
    endloop
  endfacet
  facet normal 0.857731 -0.514099 0
    outer loop
      vertex -1.49927 10.8014 2.7
      vertex -1.4135 10.9445 0
      vertex -1.4135 10.9445 2.7
    endloop
  endfacet
  facet normal 0.857731 -0.514099 0
    outer loop
      vertex -1.4135 10.9445 0
      vertex -1.49927 10.8014 2.7
      vertex -1.49927 10.8014 0
    endloop
  endfacet
  facet normal 0.0490918 0.998794 -0
    outer loop
      vertex 0 8.3 0
      vertex -0.166629 8.30819 2.7
      vertex 0 8.3 2.7
    endloop
  endfacet
  facet normal 0.0490918 0.998794 0
    outer loop
      vertex -0.166629 8.30819 2.7
      vertex 0 8.3 0
      vertex -0.166629 8.30819 0
    endloop
  endfacet
  facet normal 0.998794 -0.0491004 0
    outer loop
      vertex -1.7 10 2.7
      vertex -1.69181 10.1666 0
      vertex -1.69181 10.1666 2.7
    endloop
  endfacet
  facet normal 0.998794 -0.0491004 0
    outer loop
      vertex -1.69181 10.1666 0
      vertex -1.7 10 2.7
      vertex -1.7 10 0
    endloop
  endfacet
  facet normal -0.740932 0.67158 0
    outer loop
      vertex 1.20208 8.79792 0
      vertex 1.31412 8.92153 2.7
      vertex 1.31412 8.92153 0
    endloop
  endfacet
  facet normal -0.740932 0.67158 0
    outer loop
      vertex 1.31412 8.92153 2.7
      vertex 1.20208 8.79792 0
      vertex 1.20208 8.79792 2.7
    endloop
  endfacet
  facet normal -0.67158 0.740932 0
    outer loop
      vertex 1.20208 8.79792 0
      vertex 1.07847 8.68588 2.7
      vertex 1.20208 8.79792 2.7
    endloop
  endfacet
  facet normal -0.67158 0.740932 0
    outer loop
      vertex 1.07847 8.68588 2.7
      vertex 1.20208 8.79792 0
      vertex 1.07847 8.68588 0
    endloop
  endfacet
  facet normal 0.242982 0.970031 -0
    outer loop
      vertex -0.604779 6.95957 2.7
      vertex -0.899882 7.03349 6
      vertex -0.604779 6.95957 6
    endloop
  endfacet
  facet normal 0.242982 0.970031 0
    outer loop
      vertex -0.899882 7.03349 6
      vertex -0.604779 6.95957 2.7
      vertex -0.899882 7.03349 2.7
    endloop
  endfacet
  facet normal 0.857731 0.514099 0
    outer loop
      vertex -2.57756 8.27773 6
      vertex -2.73396 8.53867 2.7
      vertex -2.73396 8.53867 6
    endloop
  endfacet
  facet normal 0.857731 0.514099 0
    outer loop
      vertex -2.73396 8.53867 2.7
      vertex -2.57756 8.27773 6
      vertex -2.57756 8.27773 2.7
    endloop
  endfacet
  facet normal -0.998795 0.0490769 0
    outer loop
      vertex 3.08507 9.69615 2.7
      vertex 3.1 10 6
      vertex 3.1 10 2.7
    endloop
  endfacet
  facet normal -0.998795 0.0490769 0
    outer loop
      vertex 3.1 10 6
      vertex 3.08507 9.69615 2.7
      vertex 3.08507 9.69615 6
    endloop
  endfacet
  facet normal -0.336921 -0.941533 0
    outer loop
      vertex 0.899882 12.9665 2.7
      vertex 1.18632 12.864 6
      vertex 0.899882 12.9665 6
    endloop
  endfacet
  facet normal -0.336921 -0.941533 -0
    outer loop
      vertex 1.18632 12.864 6
      vertex 0.899882 12.9665 2.7
      vertex 1.18632 12.864 2.7
    endloop
  endfacet
  facet normal 0.903983 -0.427568 0
    outer loop
      vertex -2.86403 11.1863 6
      vertex -2.73396 11.4613 2.7
      vertex -2.73396 11.4613 6
    endloop
  endfacet
  facet normal 0.903983 -0.427568 0
    outer loop
      vertex -2.73396 11.4613 2.7
      vertex -2.86403 11.1863 6
      vertex -2.86403 11.1863 2.7
    endloop
  endfacet
  facet normal 0.514099 -0.857731 0
    outer loop
      vertex -1.72227 12.5776 2.7
      vertex -1.46133 12.734 6
      vertex -1.72227 12.5776 6
    endloop
  endfacet
  facet normal 0.514099 -0.857731 0
    outer loop
      vertex -1.46133 12.734 6
      vertex -1.72227 12.5776 2.7
      vertex -1.46133 12.734 2.7
    endloop
  endfacet
  facet normal -0.514099 -0.857731 0
    outer loop
      vertex 1.46133 12.734 2.7
      vertex 1.72227 12.5776 6
      vertex 1.46133 12.734 6
    endloop
  endfacet
  facet normal -0.514099 -0.857731 -0
    outer loop
      vertex 1.72227 12.5776 6
      vertex 1.46133 12.734 2.7
      vertex 1.72227 12.5776 2.7
    endloop
  endfacet
  facet normal 0.146736 0.989176 -0
    outer loop
      vertex -0.303853 6.91493 2.7
      vertex -0.604779 6.95957 6
      vertex -0.303853 6.91493 6
    endloop
  endfacet
  facet normal 0.146736 0.989176 0
    outer loop
      vertex -0.604779 6.95957 6
      vertex -0.303853 6.91493 2.7
      vertex -0.604779 6.95957 2.7
    endloop
  endfacet
  facet normal -0.803137 -0.595794 0
    outer loop
      vertex 2.57756 11.7223 2.7
      vertex 2.39633 11.9666 6
      vertex 2.39633 11.9666 2.7
    endloop
  endfacet
  facet normal -0.803137 -0.595794 0
    outer loop
      vertex 2.39633 11.9666 6
      vertex 2.57756 11.7223 2.7
      vertex 2.57756 11.7223 6
    endloop
  endfacet
  facet normal -0.989174 -0.146749 0
    outer loop
      vertex 3.08507 10.3039 2.7
      vertex 3.04043 10.6048 6
      vertex 3.04043 10.6048 2.7
    endloop
  endfacet
  facet normal -0.989174 -0.146749 0
    outer loop
      vertex 3.04043 10.6048 6
      vertex 3.08507 10.3039 2.7
      vertex 3.08507 10.3039 6
    endloop
  endfacet
  facet normal 0.427555 0.903989 -0
    outer loop
      vertex -1.18632 7.13597 2.7
      vertex -1.46133 7.26604 6
      vertex -1.18632 7.13597 6
    endloop
  endfacet
  facet normal 0.427555 0.903989 0
    outer loop
      vertex -1.46133 7.26604 6
      vertex -1.18632 7.13597 2.7
      vertex -1.46133 7.26604 2.7
    endloop
  endfacet
  facet normal 0.740936 -0.671576 0
    outer loop
      vertex -2.39633 11.9666 6
      vertex -2.19203 12.192 2.7
      vertex -2.19203 12.192 6
    endloop
  endfacet
  facet normal 0.740936 -0.671576 0
    outer loop
      vertex -2.19203 12.192 2.7
      vertex -2.39633 11.9666 6
      vertex -2.39633 11.9666 2.7
    endloop
  endfacet
  facet normal -0.336863 0.941554 0
    outer loop
      vertex 1.18632 7.13597 2.7
      vertex 0.899882 7.03349 6
      vertex 1.18632 7.13597 6
    endloop
  endfacet
  facet normal -0.336863 0.941554 0
    outer loop
      vertex 0.899882 7.03349 6
      vertex 1.18632 7.13597 2.7
      vertex 0.899882 7.03349 2.7
    endloop
  endfacet
  facet normal 0.941554 0.336861 0
    outer loop
      vertex -2.86403 8.81368 6
      vertex -2.96651 9.10012 2.7
      vertex -2.96651 9.10012 6
    endloop
  endfacet
  facet normal 0.941554 0.336861 0
    outer loop
      vertex -2.96651 9.10012 2.7
      vertex -2.86403 8.81368 6
      vertex -2.86403 8.81368 2.7
    endloop
  endfacet
  facet normal -0.903989 0.427555 0
    outer loop
      vertex 2.73396 8.53867 2.7
      vertex 2.86403 8.81368 6
      vertex 2.86403 8.81368 2.7
    endloop
  endfacet
  facet normal -0.903989 0.427555 0
    outer loop
      vertex 2.86403 8.81368 6
      vertex 2.73396 8.53867 2.7
      vertex 2.73396 8.53867 6
    endloop
  endfacet
  facet normal -0.903983 -0.427568 0
    outer loop
      vertex 2.86403 11.1863 2.7
      vertex 2.73396 11.4613 6
      vertex 2.73396 11.4613 2.7
    endloop
  endfacet
  facet normal -0.903983 -0.427568 0
    outer loop
      vertex 2.73396 11.4613 6
      vertex 2.86403 11.1863 2.7
      vertex 2.86403 11.1863 6
    endloop
  endfacet
  facet normal -0.941539 -0.336903 0
    outer loop
      vertex 2.96651 10.8999 2.7
      vertex 2.86403 11.1863 6
      vertex 2.86403 11.1863 2.7
    endloop
  endfacet
  facet normal -0.941539 -0.336903 0
    outer loop
      vertex 2.86403 11.1863 6
      vertex 2.96651 10.8999 2.7
      vertex 2.96651 10.8999 6
    endloop
  endfacet
  facet normal -0.857731 0.514099 0
    outer loop
      vertex 2.57756 8.27773 2.7
      vertex 2.73396 8.53867 6
      vertex 2.73396 8.53867 2.7
    endloop
  endfacet
  facet normal -0.857731 0.514099 0
    outer loop
      vertex 2.73396 8.53867 6
      vertex 2.57756 8.27773 2.7
      vertex 2.57756 8.27773 6
    endloop
  endfacet
  facet normal 0.427367 -0.904078 0
    outer loop
      vertex -1.46133 12.734 2.7
      vertex -1.18632 12.864 6
      vertex -1.46133 12.734 6
    endloop
  endfacet
  facet normal 0.427367 -0.904078 0
    outer loop
      vertex -1.18632 12.864 6
      vertex -1.46133 12.734 2.7
      vertex -1.18632 12.864 2.7
    endloop
  endfacet
  facet normal -0.998795 -0.0490688 0
    outer loop
      vertex 3.1 10 2.7
      vertex 3.08507 10.3039 6
      vertex 3.08507 10.3039 2.7
    endloop
  endfacet
  facet normal -0.998795 -0.0490688 0
    outer loop
      vertex 3.08507 10.3039 6
      vertex 3.1 10 2.7
      vertex 3.1 10 6
    endloop
  endfacet
  facet normal 0.24292 -0.970046 0
    outer loop
      vertex -0.899882 12.9665 2.7
      vertex -0.604779 13.0404 6
      vertex -0.899882 12.9665 6
    endloop
  endfacet
  facet normal 0.24292 -0.970046 0
    outer loop
      vertex -0.604779 13.0404 6
      vertex -0.899882 12.9665 2.7
      vertex -0.604779 13.0404 2.7
    endloop
  endfacet
  facet normal -0.146736 0.989176 0
    outer loop
      vertex 0.604779 6.95957 2.7
      vertex 0.303853 6.91493 6
      vertex 0.604779 6.95957 6
    endloop
  endfacet
  facet normal -0.146736 0.989176 0
    outer loop
      vertex 0.303853 6.91493 6
      vertex 0.604779 6.95957 2.7
      vertex 0.303853 6.91493 2.7
    endloop
  endfacet
  facet normal -0.740936 -0.671576 0
    outer loop
      vertex 2.39633 11.9666 2.7
      vertex 2.19203 12.192 6
      vertex 2.19203 12.192 2.7
    endloop
  endfacet
  facet normal -0.740936 -0.671576 0
    outer loop
      vertex 2.19203 12.192 6
      vertex 2.39633 11.9666 2.7
      vertex 2.39633 11.9666 6
    endloop
  endfacet
  facet normal 0.146929 -0.989147 0
    outer loop
      vertex -0.604779 13.0404 2.7
      vertex -0.303853 13.0851 6
      vertex -0.604779 13.0404 6
    endloop
  endfacet
  facet normal 0.146929 -0.989147 0
    outer loop
      vertex -0.303853 13.0851 6
      vertex -0.604779 13.0404 2.7
      vertex -0.303853 13.0851 2.7
    endloop
  endfacet
  facet normal -0.97003 0.242984 0
    outer loop
      vertex 2.96651 9.10012 2.7
      vertex 3.04043 9.39522 6
      vertex 3.04043 9.39522 2.7
    endloop
  endfacet
  facet normal -0.97003 0.242984 0
    outer loop
      vertex 3.04043 9.39522 6
      vertex 2.96651 9.10012 2.7
      vertex 2.96651 9.10012 6
    endloop
  endfacet
  facet normal -0.97003 -0.242984 0
    outer loop
      vertex 3.04043 10.6048 2.7
      vertex 2.96651 10.8999 6
      vertex 2.96651 10.8999 2.7
    endloop
  endfacet
  facet normal -0.97003 -0.242984 0
    outer loop
      vertex 2.96651 10.8999 6
      vertex 3.04043 10.6048 2.7
      vertex 3.04043 10.6048 6
    endloop
  endfacet
  facet normal 0.989176 0.146734 0
    outer loop
      vertex -3.04043 9.39522 6
      vertex -3.08507 9.69615 2.7
      vertex -3.08507 9.69615 6
    endloop
  endfacet
  facet normal 0.989176 0.146734 0
    outer loop
      vertex -3.08507 9.69615 2.7
      vertex -3.04043 9.39522 6
      vertex -3.04043 9.39522 2.7
    endloop
  endfacet
  facet normal -0.671559 0.740951 0
    outer loop
      vertex 2.19203 7.80797 2.7
      vertex 1.96662 7.60367 6
      vertex 2.19203 7.80797 6
    endloop
  endfacet
  facet normal -0.671559 0.740951 0
    outer loop
      vertex 1.96662 7.60367 6
      vertex 2.19203 7.80797 2.7
      vertex 1.96662 7.60367 2.7
    endloop
  endfacet
  facet normal 0.671559 -0.740951 0
    outer loop
      vertex -2.19203 12.192 2.7
      vertex -1.96662 12.3963 6
      vertex -2.19203 12.192 6
    endloop
  endfacet
  facet normal 0.671559 -0.740951 0
    outer loop
      vertex -1.96662 12.3963 6
      vertex -2.19203 12.192 2.7
      vertex -1.96662 12.3963 2.7
    endloop
  endfacet
  facet normal -0.146929 -0.989147 0
    outer loop
      vertex 0.303853 13.0851 2.7
      vertex 0.604779 13.0404 6
      vertex 0.303853 13.0851 6
    endloop
  endfacet
  facet normal -0.146929 -0.989147 -0
    outer loop
      vertex 0.604779 13.0404 6
      vertex 0.303853 13.0851 2.7
      vertex 0.604779 13.0404 2.7
    endloop
  endfacet
  facet normal -0.803195 0.595716 0
    outer loop
      vertex 2.39633 8.03338 2.7
      vertex 2.57756 8.27773 6
      vertex 2.57756 8.27773 2.7
    endloop
  endfacet
  facet normal -0.803195 0.595716 0
    outer loop
      vertex 2.57756 8.27773 6
      vertex 2.39633 8.03338 2.7
      vertex 2.39633 8.03338 6
    endloop
  endfacet
  facet normal 0.803195 0.595716 0
    outer loop
      vertex -2.39633 8.03338 6
      vertex -2.57756 8.27773 2.7
      vertex -2.57756 8.27773 6
    endloop
  endfacet
  facet normal 0.803195 0.595716 0
    outer loop
      vertex -2.57756 8.27773 2.7
      vertex -2.39633 8.03338 6
      vertex -2.39633 8.03338 2.7
    endloop
  endfacet
  facet normal -0.989176 0.146734 0
    outer loop
      vertex 3.04043 9.39522 2.7
      vertex 3.08507 9.69615 6
      vertex 3.08507 9.69615 2.7
    endloop
  endfacet
  facet normal -0.989176 0.146734 0
    outer loop
      vertex 3.08507 9.69615 6
      vertex 3.04043 9.39522 2.7
      vertex 3.04043 9.39522 6
    endloop
  endfacet
  facet normal -0.595864 -0.803085 0
    outer loop
      vertex 1.72227 12.5776 2.7
      vertex 1.96662 12.3963 6
      vertex 1.72227 12.5776 6
    endloop
  endfacet
  facet normal -0.595864 -0.803085 -0
    outer loop
      vertex 1.96662 12.3963 6
      vertex 1.72227 12.5776 2.7
      vertex 1.96662 12.3963 2.7
    endloop
  endfacet
  facet normal -0.427367 -0.904078 0
    outer loop
      vertex 1.18632 12.864 2.7
      vertex 1.46133 12.734 6
      vertex 1.18632 12.864 6
    endloop
  endfacet
  facet normal -0.427367 -0.904078 -0
    outer loop
      vertex 1.46133 12.734 6
      vertex 1.18632 12.864 2.7
      vertex 1.46133 12.734 2.7
    endloop
  endfacet
  facet normal 0.998795 0.0490769 0
    outer loop
      vertex -3.08507 9.69615 6
      vertex -3.1 10 2.7
      vertex -3.1 10 6
    endloop
  endfacet
  facet normal 0.998795 0.0490769 0
    outer loop
      vertex -3.1 10 2.7
      vertex -3.08507 9.69615 6
      vertex -3.08507 9.69615 2.7
    endloop
  endfacet
  facet normal 0.336921 -0.941533 0
    outer loop
      vertex -1.18632 12.864 2.7
      vertex -0.899882 12.9665 6
      vertex -1.18632 12.864 6
    endloop
  endfacet
  facet normal 0.336921 -0.941533 0
    outer loop
      vertex -0.899882 12.9665 6
      vertex -1.18632 12.864 2.7
      vertex -0.899882 12.9665 2.7
    endloop
  endfacet
  facet normal 0.740951 0.671559 0
    outer loop
      vertex -2.19203 7.80797 6
      vertex -2.39633 8.03338 2.7
      vertex -2.39633 8.03338 6
    endloop
  endfacet
  facet normal 0.740951 0.671559 0
    outer loop
      vertex -2.39633 8.03338 2.7
      vertex -2.19203 7.80797 6
      vertex -2.19203 7.80797 2.7
    endloop
  endfacet
  facet normal 0.595716 0.803195 -0
    outer loop
      vertex -1.72227 7.42244 2.7
      vertex -1.96662 7.60367 6
      vertex -1.72227 7.42244 6
    endloop
  endfacet
  facet normal 0.595716 0.803195 0
    outer loop
      vertex -1.96662 7.60367 6
      vertex -1.72227 7.42244 2.7
      vertex -1.96662 7.60367 2.7
    endloop
  endfacet
  facet normal -0.857783 -0.514012 0
    outer loop
      vertex 2.73396 11.4613 2.7
      vertex 2.57756 11.7223 6
      vertex 2.57756 11.7223 2.7
    endloop
  endfacet
  facet normal -0.857783 -0.514012 0
    outer loop
      vertex 2.57756 11.7223 6
      vertex 2.73396 11.4613 2.7
      vertex 2.73396 11.4613 6
    endloop
  endfacet
  facet normal -0.941554 0.336861 0
    outer loop
      vertex 2.86403 8.81368 2.7
      vertex 2.96651 9.10012 6
      vertex 2.96651 9.10012 2.7
    endloop
  endfacet
  facet normal -0.941554 0.336861 0
    outer loop
      vertex 2.96651 9.10012 6
      vertex 2.86403 8.81368 2.7
      vertex 2.86403 8.81368 6
    endloop
  endfacet
  facet normal -0.427555 0.903989 0
    outer loop
      vertex 1.46133 7.26604 2.7
      vertex 1.18632 7.13597 6
      vertex 1.46133 7.26604 6
    endloop
  endfacet
  facet normal -0.427555 0.903989 0
    outer loop
      vertex 1.18632 7.13597 6
      vertex 1.46133 7.26604 2.7
      vertex 1.18632 7.13597 2.7
    endloop
  endfacet
  facet normal -0.048978 -0.9988 0
    outer loop
      vertex 0 13.1 2.7
      vertex 0.303853 13.0851 6
      vertex 0 13.1 6
    endloop
  endfacet
  facet normal -0.048978 -0.9988 -0
    outer loop
      vertex 0.303853 13.0851 6
      vertex 0 13.1 2.7
      vertex 0.303853 13.0851 2.7
    endloop
  endfacet
  facet normal 0.595864 -0.803085 0
    outer loop
      vertex -1.96662 12.3963 2.7
      vertex -1.72227 12.5776 6
      vertex -1.96662 12.3963 6
    endloop
  endfacet
  facet normal 0.595864 -0.803085 0
    outer loop
      vertex -1.72227 12.5776 6
      vertex -1.96662 12.3963 2.7
      vertex -1.72227 12.5776 2.7
    endloop
  endfacet
  facet normal 0.97003 0.242984 0
    outer loop
      vertex -2.96651 9.10012 6
      vertex -3.04043 9.39522 2.7
      vertex -3.04043 9.39522 6
    endloop
  endfacet
  facet normal 0.97003 0.242984 0
    outer loop
      vertex -3.04043 9.39522 2.7
      vertex -2.96651 9.10012 6
      vertex -2.96651 9.10012 2.7
    endloop
  endfacet
  facet normal -0.514099 0.857731 0
    outer loop
      vertex 1.72227 7.42244 2.7
      vertex 1.46133 7.26604 6
      vertex 1.72227 7.42244 6
    endloop
  endfacet
  facet normal -0.514099 0.857731 0
    outer loop
      vertex 1.46133 7.26604 6
      vertex 1.72227 7.42244 2.7
      vertex 1.46133 7.26604 2.7
    endloop
  endfacet
  facet normal -0.0490764 0.998795 0
    outer loop
      vertex 0.303853 6.91493 2.7
      vertex 0 6.9 6
      vertex 0.303853 6.91493 6
    endloop
  endfacet
  facet normal -0.0490764 0.998795 0
    outer loop
      vertex 0 6.9 6
      vertex 0.303853 6.91493 2.7
      vertex 0 6.9 2.7
    endloop
  endfacet
  facet normal -0.740951 0.671559 0
    outer loop
      vertex 2.19203 7.80797 2.7
      vertex 2.39633 8.03338 6
      vertex 2.39633 8.03338 2.7
    endloop
  endfacet
  facet normal -0.740951 0.671559 0
    outer loop
      vertex 2.39633 8.03338 6
      vertex 2.19203 7.80797 2.7
      vertex 2.19203 7.80797 6
    endloop
  endfacet
  facet normal 0.671559 0.740951 -0
    outer loop
      vertex -1.96662 7.60367 2.7
      vertex -2.19203 7.80797 6
      vertex -1.96662 7.60367 6
    endloop
  endfacet
  facet normal 0.671559 0.740951 0
    outer loop
      vertex -2.19203 7.80797 6
      vertex -1.96662 7.60367 2.7
      vertex -2.19203 7.80797 2.7
    endloop
  endfacet
  facet normal 0 0 1
    outer loop
      vertex 1.7 10 2.7
      vertex 3.1 10 2.7
      vertex 3.08507 10.3039 2.7
    endloop
  endfacet
  facet normal 0 0 1
    outer loop
      vertex 1.69181 10.1666 2.7
      vertex 3.08507 10.3039 2.7
      vertex 3.04043 10.6048 2.7
    endloop
  endfacet
  facet normal 0 0 1
    outer loop
      vertex 3.1 10 2.7
      vertex 1.7 10 2.7
      vertex 3.08507 9.69615 2.7
    endloop
  endfacet
  facet normal 0 0 1
    outer loop
      vertex 1.66733 10.3317 2.7
      vertex 3.04043 10.6048 2.7
      vertex 2.96651 10.8999 2.7
    endloop
  endfacet
  facet normal -0 0 1
    outer loop
      vertex 1.69181 9.83337 2.7
      vertex 3.08507 9.69615 2.7
      vertex 1.7 10 2.7
    endloop
  endfacet
  facet normal 0 0 1
    outer loop
      vertex 1.6268 10.4935 2.7
      vertex 2.96651 10.8999 2.7
      vertex 2.86403 11.1863 2.7
    endloop
  endfacet
  facet normal 0 0 1
    outer loop
      vertex 3.08507 9.69615 2.7
      vertex 1.69181 9.83337 2.7
      vertex 3.04043 9.39522 2.7
    endloop
  endfacet
  facet normal 0 0 1
    outer loop
      vertex 1.57059 10.6506 2.7
      vertex 2.86403 11.1863 2.7
      vertex 2.73396 11.4613 2.7
    endloop
  endfacet
  facet normal -0 0 1
    outer loop
      vertex 1.66733 9.66835 2.7
      vertex 3.04043 9.39522 2.7
      vertex 1.69181 9.83337 2.7
    endloop
  endfacet
  facet normal 0 0 1
    outer loop
      vertex 1.49927 10.8014 2.7
      vertex 2.73396 11.4613 2.7
      vertex 2.57756 11.7223 2.7
    endloop
  endfacet
  facet normal 0 0 1
    outer loop
      vertex 3.04043 9.39522 2.7
      vertex 1.66733 9.66835 2.7
      vertex 2.96651 9.10012 2.7
    endloop
  endfacet
  facet normal 0 0 1
    outer loop
      vertex 1.4135 10.9445 2.7
      vertex 2.57756 11.7223 2.7
      vertex 2.39633 11.9666 2.7
    endloop
  endfacet
  facet normal -0 0 1
    outer loop
      vertex 1.6268 9.50652 2.7
      vertex 2.96651 9.10012 2.7
      vertex 1.66733 9.66835 2.7
    endloop
  endfacet
  facet normal 0 0 1
    outer loop
      vertex 1.31412 11.0785 2.7
      vertex 2.39633 11.9666 2.7
      vertex 2.19203 12.192 2.7
    endloop
  endfacet
  facet normal 0 0 1
    outer loop
      vertex 2.96651 9.10012 2.7
      vertex 1.6268 9.50652 2.7
      vertex 2.86403 8.81368 2.7
    endloop
  endfacet
  facet normal 0 0 1
    outer loop
      vertex 1.20208 11.2021 2.7
      vertex 2.19203 12.192 2.7
      vertex 1.96662 12.3963 2.7
    endloop
  endfacet
  facet normal -0 0 1
    outer loop
      vertex 1.57059 9.34944 2.7
      vertex 2.86403 8.81368 2.7
      vertex 1.6268 9.50652 2.7
    endloop
  endfacet
  facet normal 0 0 1
    outer loop
      vertex 1.07847 11.3141 2.7
      vertex 1.96662 12.3963 2.7
      vertex 1.72227 12.5776 2.7
    endloop
  endfacet
  facet normal 0 0 1
    outer loop
      vertex 2.86403 8.81368 2.7
      vertex 1.57059 9.34944 2.7
      vertex 2.73396 8.53867 2.7
    endloop
  endfacet
  facet normal -0 0 1
    outer loop
      vertex 1.49927 9.19863 2.7
      vertex 2.73396 8.53867 2.7
      vertex 1.57059 9.34944 2.7
    endloop
  endfacet
  facet normal 0 0 1
    outer loop
      vertex 3.08507 10.3039 2.7
      vertex 1.69181 10.1666 2.7
      vertex 1.7 10 2.7
    endloop
  endfacet
  facet normal 0 0 1
    outer loop
      vertex 3.04043 10.6048 2.7
      vertex 1.66733 10.3317 2.7
      vertex 1.69181 10.1666 2.7
    endloop
  endfacet
  facet normal 0 0 1
    outer loop
      vertex 2.96651 10.8999 2.7
      vertex 1.6268 10.4935 2.7
      vertex 1.66733 10.3317 2.7
    endloop
  endfacet
  facet normal 0 0 1
    outer loop
      vertex 2.86403 11.1863 2.7
      vertex 1.57059 10.6506 2.7
      vertex 1.6268 10.4935 2.7
    endloop
  endfacet
  facet normal 0 0 1
    outer loop
      vertex 2.73396 11.4613 2.7
      vertex 1.49927 10.8014 2.7
      vertex 1.57059 10.6506 2.7
    endloop
  endfacet
  facet normal 0 0 1
    outer loop
      vertex 0.944468 11.4135 2.7
      vertex 1.72227 12.5776 2.7
      vertex 1.46133 12.734 2.7
    endloop
  endfacet
  facet normal 0 0 1
    outer loop
      vertex 2.57756 11.7223 2.7
      vertex 1.4135 10.9445 2.7
      vertex 1.49927 10.8014 2.7
    endloop
  endfacet
  facet normal 0 0 1
    outer loop
      vertex 2.39633 11.9666 2.7
      vertex 1.31412 11.0785 2.7
      vertex 1.4135 10.9445 2.7
    endloop
  endfacet
  facet normal 0 0 1
    outer loop
      vertex 2.19203 12.192 2.7
      vertex 1.20208 11.2021 2.7
      vertex 1.31412 11.0785 2.7
    endloop
  endfacet
  facet normal 0 0 1
    outer loop
      vertex 0.801374 11.4993 2.7
      vertex 1.46133 12.734 2.7
      vertex 1.18632 12.864 2.7
    endloop
  endfacet
  facet normal 0 0 1
    outer loop
      vertex 1.96662 12.3963 2.7
      vertex 1.07847 11.3141 2.7
      vertex 1.20208 11.2021 2.7
    endloop
  endfacet
  facet normal 0 0 1
    outer loop
      vertex 1.72227 12.5776 2.7
      vertex 0.944468 11.4135 2.7
      vertex 1.07847 11.3141 2.7
    endloop
  endfacet
  facet normal 0 0 1
    outer loop
      vertex 0.650561 11.5706 2.7
      vertex 1.18632 12.864 2.7
      vertex 0.899882 12.9665 2.7
    endloop
  endfacet
  facet normal 0 0 1
    outer loop
      vertex 1.46133 12.734 2.7
      vertex 0.801374 11.4993 2.7
      vertex 0.944468 11.4135 2.7
    endloop
  endfacet
  facet normal 0 0 1
    outer loop
      vertex 1.18632 12.864 2.7
      vertex 0.650561 11.5706 2.7
      vertex 0.801374 11.4993 2.7
    endloop
  endfacet
  facet normal 0 0 1
    outer loop
      vertex 0.493484 11.6268 2.7
      vertex 0.899882 12.9665 2.7
      vertex 0.604779 13.0404 2.7
    endloop
  endfacet
  facet normal 0 0 1
    outer loop
      vertex 0.899882 12.9665 2.7
      vertex 0.493484 11.6268 2.7
      vertex 0.650561 11.5706 2.7
    endloop
  endfacet
  facet normal 0 0 1
    outer loop
      vertex 0.604779 13.0404 2.7
      vertex 0.331653 11.6673 2.7
      vertex 0.493484 11.6268 2.7
    endloop
  endfacet
  facet normal 0 0 1
    outer loop
      vertex 0.303853 13.0851 2.7
      vertex 0.331653 11.6673 2.7
      vertex 0.604779 13.0404 2.7
    endloop
  endfacet
  facet normal 0 0 1
    outer loop
      vertex 0.303853 13.0851 2.7
      vertex 0.166629 11.6918 2.7
      vertex 0.331653 11.6673 2.7
    endloop
  endfacet
  facet normal 0 0 1
    outer loop
      vertex 0 13.1 2.7
      vertex 0.166629 11.6918 2.7
      vertex 0.303853 13.0851 2.7
    endloop
  endfacet
  facet normal 0 0 1
    outer loop
      vertex 0 13.1 2.7
      vertex 0 11.7 2.7
      vertex 0.166629 11.6918 2.7
    endloop
  endfacet
  facet normal 0 0 1
    outer loop
      vertex 0 13.1 2.7
      vertex -0.166629 11.6918 2.7
      vertex 0 11.7 2.7
    endloop
  endfacet
  facet normal -0 0 1
    outer loop
      vertex -0.303853 13.0851 2.7
      vertex -0.166629 11.6918 2.7
      vertex 0 13.1 2.7
    endloop
  endfacet
  facet normal 0 0 1
    outer loop
      vertex -0.303853 13.0851 2.7
      vertex -0.331653 11.6673 2.7
      vertex -0.166629 11.6918 2.7
    endloop
  endfacet
  facet normal -0 0 1
    outer loop
      vertex -0.604779 13.0404 2.7
      vertex -0.331653 11.6673 2.7
      vertex -0.303853 13.0851 2.7
    endloop
  endfacet
  facet normal 0 0 1
    outer loop
      vertex -0.331653 11.6673 2.7
      vertex -0.604779 13.0404 2.7
      vertex -0.493484 11.6268 2.7
    endloop
  endfacet
  facet normal -0 0 1
    outer loop
      vertex -0.899882 12.9665 2.7
      vertex -0.493484 11.6268 2.7
      vertex -0.604779 13.0404 2.7
    endloop
  endfacet
  facet normal 0 0 1
    outer loop
      vertex -0.493484 11.6268 2.7
      vertex -0.899882 12.9665 2.7
      vertex -0.650561 11.5706 2.7
    endloop
  endfacet
  facet normal -0 0 1
    outer loop
      vertex -1.18632 12.864 2.7
      vertex -0.650561 11.5706 2.7
      vertex -0.899882 12.9665 2.7
    endloop
  endfacet
  facet normal 0 0 1
    outer loop
      vertex -0.650561 11.5706 2.7
      vertex -1.18632 12.864 2.7
      vertex -0.801374 11.4993 2.7
    endloop
  endfacet
  facet normal -0 0 1
    outer loop
      vertex -1.46133 12.734 2.7
      vertex -0.801374 11.4993 2.7
      vertex -1.18632 12.864 2.7
    endloop
  endfacet
  facet normal 0 0 1
    outer loop
      vertex -0.801374 11.4993 2.7
      vertex -1.46133 12.734 2.7
      vertex -0.944468 11.4135 2.7
    endloop
  endfacet
  facet normal -0 0 1
    outer loop
      vertex -1.72227 12.5776 2.7
      vertex -0.944468 11.4135 2.7
      vertex -1.46133 12.734 2.7
    endloop
  endfacet
  facet normal 0 0 1
    outer loop
      vertex -0.944468 11.4135 2.7
      vertex -1.72227 12.5776 2.7
      vertex -1.07847 11.3141 2.7
    endloop
  endfacet
  facet normal -0 0 1
    outer loop
      vertex -1.96662 12.3963 2.7
      vertex -1.07847 11.3141 2.7
      vertex -1.72227 12.5776 2.7
    endloop
  endfacet
  facet normal 0 0 1
    outer loop
      vertex -1.07847 11.3141 2.7
      vertex -1.96662 12.3963 2.7
      vertex -1.20208 11.2021 2.7
    endloop
  endfacet
  facet normal -0 0 1
    outer loop
      vertex -2.19203 12.192 2.7
      vertex -1.20208 11.2021 2.7
      vertex -1.96662 12.3963 2.7
    endloop
  endfacet
  facet normal 0 0 1
    outer loop
      vertex -1.20208 11.2021 2.7
      vertex -2.19203 12.192 2.7
      vertex -1.31412 11.0785 2.7
    endloop
  endfacet
  facet normal -0 0 1
    outer loop
      vertex -2.39633 11.9666 2.7
      vertex -1.31412 11.0785 2.7
      vertex -2.19203 12.192 2.7
    endloop
  endfacet
  facet normal 0 0 1
    outer loop
      vertex -1.31412 11.0785 2.7
      vertex -2.39633 11.9666 2.7
      vertex -1.4135 10.9445 2.7
    endloop
  endfacet
  facet normal -0 0 1
    outer loop
      vertex -2.57756 11.7223 2.7
      vertex -1.4135 10.9445 2.7
      vertex -2.39633 11.9666 2.7
    endloop
  endfacet
  facet normal -0 0 1
    outer loop
      vertex -2.73396 11.4613 2.7
      vertex -1.49927 10.8014 2.7
      vertex -2.57756 11.7223 2.7
    endloop
  endfacet
  facet normal 0 0 1
    outer loop
      vertex -1.4135 10.9445 2.7
      vertex -2.57756 11.7223 2.7
      vertex -1.49927 10.8014 2.7
    endloop
  endfacet
  facet normal 0 0 1
    outer loop
      vertex 2.73396 8.53867 2.7
      vertex 1.49927 9.19863 2.7
      vertex 2.57756 8.27773 2.7
    endloop
  endfacet
  facet normal -0 0 1
    outer loop
      vertex 1.4135 9.05553 2.7
      vertex 2.57756 8.27773 2.7
      vertex 1.49927 9.19863 2.7
    endloop
  endfacet
  facet normal 0 0 1
    outer loop
      vertex 2.57756 8.27773 2.7
      vertex 1.4135 9.05553 2.7
      vertex 2.39633 8.03338 2.7
    endloop
  endfacet
  facet normal -0 0 1
    outer loop
      vertex 1.31412 8.92153 2.7
      vertex 2.39633 8.03338 2.7
      vertex 1.4135 9.05553 2.7
    endloop
  endfacet
  facet normal 0 0 1
    outer loop
      vertex 2.39633 8.03338 2.7
      vertex 1.31412 8.92153 2.7
      vertex 2.19203 7.80797 2.7
    endloop
  endfacet
  facet normal -0 0 1
    outer loop
      vertex 1.20208 8.79792 2.7
      vertex 2.19203 7.80797 2.7
      vertex 1.31412 8.92153 2.7
    endloop
  endfacet
  facet normal 0 0 1
    outer loop
      vertex 2.19203 7.80797 2.7
      vertex 1.20208 8.79792 2.7
      vertex 1.96662 7.60367 2.7
    endloop
  endfacet
  facet normal -0 0 1
    outer loop
      vertex 1.07847 8.68588 2.7
      vertex 1.96662 7.60367 2.7
      vertex 1.20208 8.79792 2.7
    endloop
  endfacet
  facet normal 0 0 1
    outer loop
      vertex 1.96662 7.60367 2.7
      vertex 1.07847 8.68588 2.7
      vertex 1.72227 7.42244 2.7
    endloop
  endfacet
  facet normal -0 0 1
    outer loop
      vertex 0.944468 8.5865 2.7
      vertex 1.72227 7.42244 2.7
      vertex 1.07847 8.68588 2.7
    endloop
  endfacet
  facet normal 0 0 1
    outer loop
      vertex 1.72227 7.42244 2.7
      vertex 0.944468 8.5865 2.7
      vertex 1.46133 7.26604 2.7
    endloop
  endfacet
  facet normal -0 0 1
    outer loop
      vertex 0.801374 8.50073 2.7
      vertex 1.46133 7.26604 2.7
      vertex 0.944468 8.5865 2.7
    endloop
  endfacet
  facet normal 0 0 1
    outer loop
      vertex 1.46133 7.26604 2.7
      vertex 0.801374 8.50073 2.7
      vertex 1.18632 7.13597 2.7
    endloop
  endfacet
  facet normal -0 0 1
    outer loop
      vertex 0.650561 8.42941 2.7
      vertex 1.18632 7.13597 2.7
      vertex 0.801374 8.50073 2.7
    endloop
  endfacet
  facet normal 0 0 1
    outer loop
      vertex 1.18632 7.13597 2.7
      vertex 0.650561 8.42941 2.7
      vertex 0.899882 7.03349 2.7
    endloop
  endfacet
  facet normal -0 0 1
    outer loop
      vertex 0.493484 8.3732 2.7
      vertex 0.899882 7.03349 2.7
      vertex 0.650561 8.42941 2.7
    endloop
  endfacet
  facet normal 0 0 1
    outer loop
      vertex 0.899882 7.03349 2.7
      vertex 0.493484 8.3732 2.7
      vertex 0.604779 6.95957 2.7
    endloop
  endfacet
  facet normal -0 0 1
    outer loop
      vertex 0.331653 8.33267 2.7
      vertex 0.604779 6.95957 2.7
      vertex 0.493484 8.3732 2.7
    endloop
  endfacet
  facet normal 0 0 1
    outer loop
      vertex 0.331653 8.33267 2.7
      vertex 0.303853 6.91493 2.7
      vertex 0.604779 6.95957 2.7
    endloop
  endfacet
  facet normal -0 0 1
    outer loop
      vertex 0.166629 8.30819 2.7
      vertex 0.303853 6.91493 2.7
      vertex 0.331653 8.33267 2.7
    endloop
  endfacet
  facet normal -0 0 1
    outer loop
      vertex 0 8.3 2.7
      vertex 0.303853 6.91493 2.7
      vertex 0.166629 8.30819 2.7
    endloop
  endfacet
  facet normal 0 0 1
    outer loop
      vertex 0 8.3 2.7
      vertex 0 6.9 2.7
      vertex 0.303853 6.91493 2.7
    endloop
  endfacet
  facet normal 0 0 1
    outer loop
      vertex -0.166629 8.30819 2.7
      vertex 0 6.9 2.7
      vertex 0 8.3 2.7
    endloop
  endfacet
  facet normal 0 0 1
    outer loop
      vertex -0.166629 8.30819 2.7
      vertex -0.303853 6.91493 2.7
      vertex 0 6.9 2.7
    endloop
  endfacet
  facet normal 0 0 1
    outer loop
      vertex -0.331653 8.33267 2.7
      vertex -0.303853 6.91493 2.7
      vertex -0.166629 8.30819 2.7
    endloop
  endfacet
  facet normal 0 0 1
    outer loop
      vertex -0.604779 6.95957 2.7
      vertex -0.331653 8.33267 2.7
      vertex -0.493484 8.3732 2.7
    endloop
  endfacet
  facet normal 0 0 1
    outer loop
      vertex -0.331653 8.33267 2.7
      vertex -0.604779 6.95957 2.7
      vertex -0.303853 6.91493 2.7
    endloop
  endfacet
  facet normal 0 0 1
    outer loop
      vertex -0.899882 7.03349 2.7
      vertex -0.493484 8.3732 2.7
      vertex -0.650561 8.42941 2.7
    endloop
  endfacet
  facet normal 0 0 1
    outer loop
      vertex -1.18632 7.13597 2.7
      vertex -0.650561 8.42941 2.7
      vertex -0.801374 8.50073 2.7
    endloop
  endfacet
  facet normal 0 0 1
    outer loop
      vertex -0.493484 8.3732 2.7
      vertex -0.899882 7.03349 2.7
      vertex -0.604779 6.95957 2.7
    endloop
  endfacet
  facet normal 0 0 1
    outer loop
      vertex -1.46133 7.26604 2.7
      vertex -0.801374 8.50073 2.7
      vertex -0.944468 8.5865 2.7
    endloop
  endfacet
  facet normal 0 0 1
    outer loop
      vertex -1.72227 7.42244 2.7
      vertex -0.944468 8.5865 2.7
      vertex -1.07847 8.68588 2.7
    endloop
  endfacet
  facet normal 0 0 1
    outer loop
      vertex -0.650561 8.42941 2.7
      vertex -1.18632 7.13597 2.7
      vertex -0.899882 7.03349 2.7
    endloop
  endfacet
  facet normal 0 0 1
    outer loop
      vertex -1.96662 7.60367 2.7
      vertex -1.07847 8.68588 2.7
      vertex -1.20208 8.79792 2.7
    endloop
  endfacet
  facet normal 0 0 1
    outer loop
      vertex -2.19203 7.80797 2.7
      vertex -1.20208 8.79792 2.7
      vertex -1.31412 8.92153 2.7
    endloop
  endfacet
  facet normal 0 0 1
    outer loop
      vertex -2.39633 8.03338 2.7
      vertex -1.31412 8.92153 2.7
      vertex -1.4135 9.05553 2.7
    endloop
  endfacet
  facet normal 0 0 1
    outer loop
      vertex -0.801374 8.50073 2.7
      vertex -1.46133 7.26604 2.7
      vertex -1.18632 7.13597 2.7
    endloop
  endfacet
  facet normal 0 0 1
    outer loop
      vertex -2.57756 8.27773 2.7
      vertex -1.4135 9.05553 2.7
      vertex -1.49927 9.19863 2.7
    endloop
  endfacet
  facet normal 0 0 1
    outer loop
      vertex -2.73396 8.53867 2.7
      vertex -1.49927 9.19863 2.7
      vertex -1.57059 9.34944 2.7
    endloop
  endfacet
  facet normal 0 0 1
    outer loop
      vertex -2.86403 8.81368 2.7
      vertex -1.57059 9.34944 2.7
      vertex -1.6268 9.50652 2.7
    endloop
  endfacet
  facet normal 0 0 1
    outer loop
      vertex -2.96651 9.10012 2.7
      vertex -1.6268 9.50652 2.7
      vertex -1.66733 9.66835 2.7
    endloop
  endfacet
  facet normal 0 0 1
    outer loop
      vertex -3.04043 9.39522 2.7
      vertex -1.66733 9.66835 2.7
      vertex -1.69181 9.83337 2.7
    endloop
  endfacet
  facet normal 0 0 1
    outer loop
      vertex -0.944468 8.5865 2.7
      vertex -1.72227 7.42244 2.7
      vertex -1.46133 7.26604 2.7
    endloop
  endfacet
  facet normal 0 0 1
    outer loop
      vertex -3.08507 9.69615 2.7
      vertex -1.69181 9.83337 2.7
      vertex -1.7 10 2.7
    endloop
  endfacet
  facet normal 0 0 1
    outer loop
      vertex -1.49927 10.8014 2.7
      vertex -2.73396 11.4613 2.7
      vertex -1.57059 10.6506 2.7
    endloop
  endfacet
  facet normal -0 0 1
    outer loop
      vertex -2.86403 11.1863 2.7
      vertex -1.57059 10.6506 2.7
      vertex -2.73396 11.4613 2.7
    endloop
  endfacet
  facet normal 0 0 1
    outer loop
      vertex -1.07847 8.68588 2.7
      vertex -1.96662 7.60367 2.7
      vertex -1.72227 7.42244 2.7
    endloop
  endfacet
  facet normal 0 0 1
    outer loop
      vertex -1.57059 10.6506 2.7
      vertex -2.86403 11.1863 2.7
      vertex -1.6268 10.4935 2.7
    endloop
  endfacet
  facet normal 0 0 1
    outer loop
      vertex -1.20208 8.79792 2.7
      vertex -2.19203 7.80797 2.7
      vertex -1.96662 7.60367 2.7
    endloop
  endfacet
  facet normal -0 0 1
    outer loop
      vertex -2.96651 10.8999 2.7
      vertex -1.6268 10.4935 2.7
      vertex -2.86403 11.1863 2.7
    endloop
  endfacet
  facet normal 0 0 1
    outer loop
      vertex -1.31412 8.92153 2.7
      vertex -2.39633 8.03338 2.7
      vertex -2.19203 7.80797 2.7
    endloop
  endfacet
  facet normal 0 0 1
    outer loop
      vertex -1.6268 10.4935 2.7
      vertex -2.96651 10.8999 2.7
      vertex -1.66733 10.3317 2.7
    endloop
  endfacet
  facet normal 0 0 1
    outer loop
      vertex -1.4135 9.05553 2.7
      vertex -2.57756 8.27773 2.7
      vertex -2.39633 8.03338 2.7
    endloop
  endfacet
  facet normal -0 0 1
    outer loop
      vertex -3.04043 10.6048 2.7
      vertex -1.66733 10.3317 2.7
      vertex -2.96651 10.8999 2.7
    endloop
  endfacet
  facet normal 0 0 1
    outer loop
      vertex -1.49927 9.19863 2.7
      vertex -2.73396 8.53867 2.7
      vertex -2.57756 8.27773 2.7
    endloop
  endfacet
  facet normal 0 0 1
    outer loop
      vertex -1.66733 10.3317 2.7
      vertex -3.04043 10.6048 2.7
      vertex -1.69181 10.1666 2.7
    endloop
  endfacet
  facet normal 0 0 1
    outer loop
      vertex -1.57059 9.34944 2.7
      vertex -2.86403 8.81368 2.7
      vertex -2.73396 8.53867 2.7
    endloop
  endfacet
  facet normal -0 0 1
    outer loop
      vertex -3.08507 10.3039 2.7
      vertex -1.69181 10.1666 2.7
      vertex -3.04043 10.6048 2.7
    endloop
  endfacet
  facet normal 0 0 1
    outer loop
      vertex -1.6268 9.50652 2.7
      vertex -2.96651 9.10012 2.7
      vertex -2.86403 8.81368 2.7
    endloop
  endfacet
  facet normal 0 0 1
    outer loop
      vertex -1.69181 10.1666 2.7
      vertex -3.08507 10.3039 2.7
      vertex -1.7 10 2.7
    endloop
  endfacet
  facet normal 0 0 1
    outer loop
      vertex -1.66733 9.66835 2.7
      vertex -3.04043 9.39522 2.7
      vertex -2.96651 9.10012 2.7
    endloop
  endfacet
  facet normal 0 0 1
    outer loop
      vertex -3.1 10 2.7
      vertex -1.7 10 2.7
      vertex -3.08507 10.3039 2.7
    endloop
  endfacet
  facet normal 0 0 1
    outer loop
      vertex -1.69181 9.83337 2.7
      vertex -3.08507 9.69615 2.7
      vertex -3.04043 9.39522 2.7
    endloop
  endfacet
  facet normal 0 0 1
    outer loop
      vertex -1.7 10 2.7
      vertex -3.1 10 2.7
      vertex -3.08507 9.69615 2.7
    endloop
  endfacet
  facet normal 0.048978 -0.9988 0
    outer loop
      vertex -0.303853 13.0851 2.7
      vertex 0 13.1 6
      vertex -0.303853 13.0851 6
    endloop
  endfacet
  facet normal 0.048978 -0.9988 0
    outer loop
      vertex 0 13.1 6
      vertex -0.303853 13.0851 2.7
      vertex 0 13.1 2.7
    endloop
  endfacet
  facet normal 0.336863 0.941554 -0
    outer loop
      vertex -0.899882 7.03349 2.7
      vertex -1.18632 7.13597 6
      vertex -0.899882 7.03349 6
    endloop
  endfacet
  facet normal 0.336863 0.941554 0
    outer loop
      vertex -1.18632 7.13597 6
      vertex -0.899882 7.03349 2.7
      vertex -1.18632 7.13597 2.7
    endloop
  endfacet
  facet normal -0.671559 -0.740951 0
    outer loop
      vertex 1.96662 12.3963 2.7
      vertex 2.19203 12.192 6
      vertex 1.96662 12.3963 6
    endloop
  endfacet
  facet normal -0.671559 -0.740951 -0
    outer loop
      vertex 2.19203 12.192 6
      vertex 1.96662 12.3963 2.7
      vertex 2.19203 12.192 2.7
    endloop
  endfacet
  facet normal 0.97003 -0.242984 0
    outer loop
      vertex -3.04043 10.6048 6
      vertex -2.96651 10.8999 2.7
      vertex -2.96651 10.8999 6
    endloop
  endfacet
  facet normal 0.97003 -0.242984 0
    outer loop
      vertex -2.96651 10.8999 2.7
      vertex -3.04043 10.6048 6
      vertex -3.04043 10.6048 2.7
    endloop
  endfacet
  facet normal -0.242982 0.970031 0
    outer loop
      vertex 0.899882 7.03349 2.7
      vertex 0.604779 6.95957 6
      vertex 0.899882 7.03349 6
    endloop
  endfacet
  facet normal -0.242982 0.970031 0
    outer loop
      vertex 0.604779 6.95957 6
      vertex 0.899882 7.03349 2.7
      vertex 0.604779 6.95957 2.7
    endloop
  endfacet
  facet normal 0.941539 -0.336903 0
    outer loop
      vertex -2.96651 10.8999 6
      vertex -2.86403 11.1863 2.7
      vertex -2.86403 11.1863 6
    endloop
  endfacet
  facet normal 0.941539 -0.336903 0
    outer loop
      vertex -2.86403 11.1863 2.7
      vertex -2.96651 10.8999 6
      vertex -2.96651 10.8999 2.7
    endloop
  endfacet
  facet normal -0.595716 0.803195 0
    outer loop
      vertex 1.96662 7.60367 2.7
      vertex 1.72227 7.42244 6
      vertex 1.96662 7.60367 6
    endloop
  endfacet
  facet normal -0.595716 0.803195 0
    outer loop
      vertex 1.72227 7.42244 6
      vertex 1.96662 7.60367 2.7
      vertex 1.72227 7.42244 2.7
    endloop
  endfacet
  facet normal 0.803137 -0.595794 0
    outer loop
      vertex -2.57756 11.7223 6
      vertex -2.39633 11.9666 2.7
      vertex -2.39633 11.9666 6
    endloop
  endfacet
  facet normal 0.803137 -0.595794 0
    outer loop
      vertex -2.39633 11.9666 2.7
      vertex -2.57756 11.7223 6
      vertex -2.57756 11.7223 2.7
    endloop
  endfacet
  facet normal 0.989174 -0.146749 0
    outer loop
      vertex -3.08507 10.3039 6
      vertex -3.04043 10.6048 2.7
      vertex -3.04043 10.6048 6
    endloop
  endfacet
  facet normal 0.989174 -0.146749 0
    outer loop
      vertex -3.04043 10.6048 2.7
      vertex -3.08507 10.3039 6
      vertex -3.08507 10.3039 2.7
    endloop
  endfacet
  facet normal 0.998795 -0.0490688 0
    outer loop
      vertex -3.1 10 6
      vertex -3.08507 10.3039 2.7
      vertex -3.08507 10.3039 6
    endloop
  endfacet
  facet normal 0.998795 -0.0490688 0
    outer loop
      vertex -3.08507 10.3039 2.7
      vertex -3.1 10 6
      vertex -3.1 10 2.7
    endloop
  endfacet
  facet normal 0.857783 -0.514012 0
    outer loop
      vertex -2.73396 11.4613 6
      vertex -2.57756 11.7223 2.7
      vertex -2.57756 11.7223 6
    endloop
  endfacet
  facet normal 0.857783 -0.514012 0
    outer loop
      vertex -2.57756 11.7223 2.7
      vertex -2.73396 11.4613 6
      vertex -2.73396 11.4613 2.7
    endloop
  endfacet
  facet normal 0.903989 0.427555 0
    outer loop
      vertex -2.73396 8.53867 6
      vertex -2.86403 8.81368 2.7
      vertex -2.86403 8.81368 6
    endloop
  endfacet
  facet normal 0.903989 0.427555 0
    outer loop
      vertex -2.86403 8.81368 2.7
      vertex -2.73396 8.53867 6
      vertex -2.73396 8.53867 2.7
    endloop
  endfacet
  facet normal 0.0490764 0.998795 -0
    outer loop
      vertex 0 6.9 2.7
      vertex -0.303853 6.91493 6
      vertex 0 6.9 6
    endloop
  endfacet
  facet normal 0.0490764 0.998795 0
    outer loop
      vertex -0.303853 6.91493 6
      vertex 0 6.9 2.7
      vertex -0.303853 6.91493 2.7
    endloop
  endfacet
  facet normal -0.24292 -0.970046 0
    outer loop
      vertex 0.604779 13.0404 2.7
      vertex 0.899882 12.9665 6
      vertex 0.604779 13.0404 6
    endloop
  endfacet
  facet normal -0.24292 -0.970046 -0
    outer loop
      vertex 0.899882 12.9665 6
      vertex 0.604779 13.0404 2.7
      vertex 0.899882 12.9665 2.7
    endloop
  endfacet
  facet normal 0.514099 0.857731 -0
    outer loop
      vertex -1.46133 7.26604 2.7
      vertex -1.72227 7.42244 6
      vertex -1.46133 7.26604 6
    endloop
  endfacet
  facet normal 0.514099 0.857731 0
    outer loop
      vertex -1.72227 7.42244 6
      vertex -1.46133 7.26604 2.7
      vertex -1.72227 7.42244 2.7
    endloop
  endfacet
  facet normal 1 -0 0
    outer loop
      vertex 11 -18.75 6
      vertex 11 18.75 0
      vertex 11 18.75 6
    endloop
  endfacet
  facet normal 1 0 0
    outer loop
      vertex 11 18.75 0
      vertex 11 -18.75 6
      vertex 11 -18.75 0
    endloop
  endfacet
  facet normal 0 0 -1
    outer loop
      vertex -7 -22 6
      vertex 7 -18.75 6
      vertex 7 -22 6
    endloop
  endfacet
  facet normal -0 0 -1
    outer loop
      vertex 7 -18.75 6
      vertex -7 -22 6
      vertex -7 -18.75 6
    endloop
  endfacet
  facet normal 0 0 1
    outer loop
      vertex 11 18.75 6
      vertex 7 17 6
      vertex 11 -18.75 6
    endloop
  endfacet
  facet normal 0 0 1
    outer loop
      vertex 11 18.75 6
      vertex -7 17 6
      vertex 7 17 6
    endloop
  endfacet
  facet normal -0 0 1
    outer loop
      vertex -11 18.75 6
      vertex -7 17 6
      vertex 11 18.75 6
    endloop
  endfacet
  facet normal 0 0 1
    outer loop
      vertex -11 -18.75 6
      vertex -7 17 6
      vertex -11 18.75 6
    endloop
  endfacet
  facet normal 0 0 1
    outer loop
      vertex -7 17 6
      vertex -11 -18.75 6
      vertex -7 -18.75 6
    endloop
  endfacet
  facet normal 0 0 1
    outer loop
      vertex 11 -18.75 6
      vertex 7 17 6
      vertex 7 -18.75 6
    endloop
  endfacet
  facet normal 0 0 -1
    outer loop
      vertex 3.08507 -10.3039 6
      vertex 3.08507 -9.69615 6
      vertex 3.1 -10 6
    endloop
  endfacet
  facet normal 0 0 -1
    outer loop
      vertex 3.04043 -10.6048 6
      vertex 3.08507 -9.69615 6
      vertex 3.08507 -10.3039 6
    endloop
  endfacet
  facet normal 0 0 -1
    outer loop
      vertex 3.04043 -10.6048 6
      vertex 3.04043 -9.39522 6
      vertex 3.08507 -9.69615 6
    endloop
  endfacet
  facet normal 0 0 -1
    outer loop
      vertex 2.96651 -10.8999 6
      vertex 3.04043 -9.39522 6
      vertex 3.04043 -10.6048 6
    endloop
  endfacet
  facet normal 0 0 -1
    outer loop
      vertex 2.96651 -10.8999 6
      vertex 2.96651 -9.10012 6
      vertex 3.04043 -9.39522 6
    endloop
  endfacet
  facet normal 0 0 -1
    outer loop
      vertex 2.86403 -11.1863 6
      vertex 2.96651 -9.10012 6
      vertex 2.96651 -10.8999 6
    endloop
  endfacet
  facet normal 0 0 -1
    outer loop
      vertex 2.86403 -11.1863 6
      vertex 2.86403 -8.81368 6
      vertex 2.96651 -9.10012 6
    endloop
  endfacet
  facet normal 0 0 -1
    outer loop
      vertex 2.73396 -11.4613 6
      vertex 2.86403 -8.81368 6
      vertex 2.86403 -11.1863 6
    endloop
  endfacet
  facet normal 0 0 -1
    outer loop
      vertex 2.73396 -11.4613 6
      vertex 2.73396 -8.53867 6
      vertex 2.86403 -8.81368 6
    endloop
  endfacet
  facet normal 0 0 -1
    outer loop
      vertex 2.57756 -11.7223 6
      vertex 2.73396 -8.53867 6
      vertex 2.73396 -11.4613 6
    endloop
  endfacet
  facet normal 0 0 -1
    outer loop
      vertex 2.57756 -11.7223 6
      vertex 2.57756 -8.27773 6
      vertex 2.73396 -8.53867 6
    endloop
  endfacet
  facet normal 0 0 -1
    outer loop
      vertex 2.39633 -11.9666 6
      vertex 2.57756 -8.27773 6
      vertex 2.57756 -11.7223 6
    endloop
  endfacet
  facet normal 0 0 -1
    outer loop
      vertex 2.39633 -11.9666 6
      vertex 2.39633 -8.03338 6
      vertex 2.57756 -8.27773 6
    endloop
  endfacet
  facet normal 0 0 -1
    outer loop
      vertex 2.19203 -12.192 6
      vertex 2.39633 -8.03338 6
      vertex 2.39633 -11.9666 6
    endloop
  endfacet
  facet normal 0 0 -1
    outer loop
      vertex 2.19203 -12.192 6
      vertex 2.19203 -7.80797 6
      vertex 2.39633 -8.03338 6
    endloop
  endfacet
  facet normal 0 0 -1
    outer loop
      vertex 1.96662 -12.3963 6
      vertex 2.19203 -7.80797 6
      vertex 2.19203 -12.192 6
    endloop
  endfacet
  facet normal 0 0 -1
    outer loop
      vertex 1.96662 -12.3963 6
      vertex 1.96662 -7.60367 6
      vertex 2.19203 -7.80797 6
    endloop
  endfacet
  facet normal 0 0 -1
    outer loop
      vertex 1.72227 -12.5776 6
      vertex 1.96662 -7.60367 6
      vertex 1.96662 -12.3963 6
    endloop
  endfacet
  facet normal 0 0 -1
    outer loop
      vertex 1.72227 -12.5776 6
      vertex 1.72227 -7.42244 6
      vertex 1.96662 -7.60367 6
    endloop
  endfacet
  facet normal 0 0 -1
    outer loop
      vertex 1.46133 -12.734 6
      vertex 1.72227 -7.42244 6
      vertex 1.72227 -12.5776 6
    endloop
  endfacet
  facet normal 0 0 -1
    outer loop
      vertex 1.46133 -12.734 6
      vertex 1.46133 -7.26604 6
      vertex 1.72227 -7.42244 6
    endloop
  endfacet
  facet normal 0 0 -1
    outer loop
      vertex 1.18632 -12.864 6
      vertex 1.46133 -7.26604 6
      vertex 1.46133 -12.734 6
    endloop
  endfacet
  facet normal 0 0 -1
    outer loop
      vertex 1.18632 -12.864 6
      vertex 1.18632 -7.13597 6
      vertex 1.46133 -7.26604 6
    endloop
  endfacet
  facet normal 0 0 -1
    outer loop
      vertex 0.899882 -12.9665 6
      vertex 1.18632 -7.13597 6
      vertex 1.18632 -12.864 6
    endloop
  endfacet
  facet normal 0 0 -1
    outer loop
      vertex 0.899882 -12.9665 6
      vertex 0.899882 -7.03349 6
      vertex 1.18632 -7.13597 6
    endloop
  endfacet
  facet normal 0 0 -1
    outer loop
      vertex 0.604779 -13.0404 6
      vertex 0.899882 -7.03349 6
      vertex 0.899882 -12.9665 6
    endloop
  endfacet
  facet normal 0 0 -1
    outer loop
      vertex 0.604779 -13.0404 6
      vertex 0.604779 -6.95957 6
      vertex 0.899882 -7.03349 6
    endloop
  endfacet
  facet normal 0 0 -1
    outer loop
      vertex 0.303853 -13.0851 6
      vertex 0.604779 -6.95957 6
      vertex 0.604779 -13.0404 6
    endloop
  endfacet
  facet normal 0 0 -1
    outer loop
      vertex 0.303853 -13.0851 6
      vertex 0.303853 -6.91493 6
      vertex 0.604779 -6.95957 6
    endloop
  endfacet
  facet normal 0 0 -1
    outer loop
      vertex 0 -13.1 6
      vertex 0.303853 -6.91493 6
      vertex 0.303853 -13.0851 6
    endloop
  endfacet
  facet normal 0 0 -1
    outer loop
      vertex 0 -13.1 6
      vertex 0 -6.9 6
      vertex 0.303853 -6.91493 6
    endloop
  endfacet
  facet normal 0 0 -1
    outer loop
      vertex -0.303853 -13.0851 6
      vertex 0 -6.9 6
      vertex 0 -13.1 6
    endloop
  endfacet
  facet normal 0 0 -1
    outer loop
      vertex -0.303853 -13.0851 6
      vertex -0.303853 -6.91493 6
      vertex 0 -6.9 6
    endloop
  endfacet
  facet normal 0 0 -1
    outer loop
      vertex -0.604779 -13.0404 6
      vertex -0.303853 -6.91493 6
      vertex -0.303853 -13.0851 6
    endloop
  endfacet
  facet normal 0 0 -1
    outer loop
      vertex -0.604779 -13.0404 6
      vertex -0.604779 -6.95957 6
      vertex -0.303853 -6.91493 6
    endloop
  endfacet
  facet normal 0 0 -1
    outer loop
      vertex -0.899882 -12.9665 6
      vertex -0.604779 -6.95957 6
      vertex -0.604779 -13.0404 6
    endloop
  endfacet
  facet normal 0 0 -1
    outer loop
      vertex -0.899882 -12.9665 6
      vertex -0.899882 -7.03349 6
      vertex -0.604779 -6.95957 6
    endloop
  endfacet
  facet normal 0 0 -1
    outer loop
      vertex -1.18632 -12.864 6
      vertex -0.899882 -7.03349 6
      vertex -0.899882 -12.9665 6
    endloop
  endfacet
  facet normal 0 0 -1
    outer loop
      vertex -1.18632 -12.864 6
      vertex -1.18632 -7.13597 6
      vertex -0.899882 -7.03349 6
    endloop
  endfacet
  facet normal 0 0 -1
    outer loop
      vertex -1.46133 -12.734 6
      vertex -1.18632 -7.13597 6
      vertex -1.18632 -12.864 6
    endloop
  endfacet
  facet normal 0 0 -1
    outer loop
      vertex -1.46133 -12.734 6
      vertex -1.46133 -7.26604 6
      vertex -1.18632 -7.13597 6
    endloop
  endfacet
  facet normal 0 0 -1
    outer loop
      vertex -1.72227 -12.5776 6
      vertex -1.46133 -7.26604 6
      vertex -1.46133 -12.734 6
    endloop
  endfacet
  facet normal 0 0 -1
    outer loop
      vertex -1.72227 -12.5776 6
      vertex -1.72227 -7.42244 6
      vertex -1.46133 -7.26604 6
    endloop
  endfacet
  facet normal 0 0 -1
    outer loop
      vertex -1.96662 -12.3963 6
      vertex -1.72227 -7.42244 6
      vertex -1.72227 -12.5776 6
    endloop
  endfacet
  facet normal 0 0 -1
    outer loop
      vertex -1.96662 -12.3963 6
      vertex -1.96662 -7.60367 6
      vertex -1.72227 -7.42244 6
    endloop
  endfacet
  facet normal 0 0 -1
    outer loop
      vertex -2.19203 -12.192 6
      vertex -1.96662 -7.60367 6
      vertex -1.96662 -12.3963 6
    endloop
  endfacet
  facet normal 0 0 -1
    outer loop
      vertex -2.19203 -12.192 6
      vertex -2.19203 -7.80797 6
      vertex -1.96662 -7.60367 6
    endloop
  endfacet
  facet normal 0 0 -1
    outer loop
      vertex -2.39633 -11.9666 6
      vertex -2.19203 -7.80797 6
      vertex -2.19203 -12.192 6
    endloop
  endfacet
  facet normal 0 0 -1
    outer loop
      vertex -2.39633 -11.9666 6
      vertex -2.39633 -8.03338 6
      vertex -2.19203 -7.80797 6
    endloop
  endfacet
  facet normal 0 0 -1
    outer loop
      vertex -2.57756 -11.7223 6
      vertex -2.39633 -8.03338 6
      vertex -2.39633 -11.9666 6
    endloop
  endfacet
  facet normal 0 0 -1
    outer loop
      vertex -2.57756 -11.7223 6
      vertex -2.57756 -8.27773 6
      vertex -2.39633 -8.03338 6
    endloop
  endfacet
  facet normal 0 0 -1
    outer loop
      vertex -2.73396 -11.4613 6
      vertex -2.57756 -8.27773 6
      vertex -2.57756 -11.7223 6
    endloop
  endfacet
  facet normal 0 0 -1
    outer loop
      vertex -2.73396 -11.4613 6
      vertex -2.73396 -8.53867 6
      vertex -2.57756 -8.27773 6
    endloop
  endfacet
  facet normal 0 0 -1
    outer loop
      vertex -2.86403 -11.1863 6
      vertex -2.73396 -8.53867 6
      vertex -2.73396 -11.4613 6
    endloop
  endfacet
  facet normal 0 0 -1
    outer loop
      vertex -2.86403 -11.1863 6
      vertex -2.86403 -8.81368 6
      vertex -2.73396 -8.53867 6
    endloop
  endfacet
  facet normal 0 0 -1
    outer loop
      vertex -2.96651 -10.8999 6
      vertex -2.86403 -8.81368 6
      vertex -2.86403 -11.1863 6
    endloop
  endfacet
  facet normal 0 0 -1
    outer loop
      vertex -2.96651 -10.8999 6
      vertex -2.96651 -9.10012 6
      vertex -2.86403 -8.81368 6
    endloop
  endfacet
  facet normal 0 0 -1
    outer loop
      vertex -3.04043 -10.6048 6
      vertex -2.96651 -9.10012 6
      vertex -2.96651 -10.8999 6
    endloop
  endfacet
  facet normal 0 0 -1
    outer loop
      vertex -3.04043 -10.6048 6
      vertex -3.04043 -9.39522 6
      vertex -2.96651 -9.10012 6
    endloop
  endfacet
  facet normal 0 0 -1
    outer loop
      vertex -3.08507 -10.3039 6
      vertex -3.04043 -9.39522 6
      vertex -3.04043 -10.6048 6
    endloop
  endfacet
  facet normal 0 0 -1
    outer loop
      vertex -3.08507 -10.3039 6
      vertex -3.08507 -9.69615 6
      vertex -3.04043 -9.39522 6
    endloop
  endfacet
  facet normal 0 -0 -1
    outer loop
      vertex -3.08507 -9.69615 6
      vertex -3.08507 -10.3039 6
      vertex -3.1 -10 6
    endloop
  endfacet
  facet normal 0 0 -1
    outer loop
      vertex 3.08507 9.69615 6
      vertex 3.08507 10.3039 6
      vertex 3.1 10 6
    endloop
  endfacet
  facet normal 0 0 -1
    outer loop
      vertex 3.04043 9.39522 6
      vertex 3.08507 10.3039 6
      vertex 3.08507 9.69615 6
    endloop
  endfacet
  facet normal 0 0 -1
    outer loop
      vertex 3.04043 9.39522 6
      vertex 3.04043 10.6048 6
      vertex 3.08507 10.3039 6
    endloop
  endfacet
  facet normal 0 0 -1
    outer loop
      vertex 2.96651 9.10012 6
      vertex 3.04043 10.6048 6
      vertex 3.04043 9.39522 6
    endloop
  endfacet
  facet normal 0 0 -1
    outer loop
      vertex 2.96651 9.10012 6
      vertex 2.96651 10.8999 6
      vertex 3.04043 10.6048 6
    endloop
  endfacet
  facet normal 0 0 -1
    outer loop
      vertex 2.86403 8.81368 6
      vertex 2.96651 10.8999 6
      vertex 2.96651 9.10012 6
    endloop
  endfacet
  facet normal 0 0 -1
    outer loop
      vertex 2.86403 8.81368 6
      vertex 2.86403 11.1863 6
      vertex 2.96651 10.8999 6
    endloop
  endfacet
  facet normal 0 0 -1
    outer loop
      vertex 2.73396 8.53867 6
      vertex 2.86403 11.1863 6
      vertex 2.86403 8.81368 6
    endloop
  endfacet
  facet normal 0 0 -1
    outer loop
      vertex 2.73396 8.53867 6
      vertex 2.73396 11.4613 6
      vertex 2.86403 11.1863 6
    endloop
  endfacet
  facet normal 0 0 -1
    outer loop
      vertex 2.57756 8.27773 6
      vertex 2.73396 11.4613 6
      vertex 2.73396 8.53867 6
    endloop
  endfacet
  facet normal 0 0 -1
    outer loop
      vertex 2.57756 8.27773 6
      vertex 2.57756 11.7223 6
      vertex 2.73396 11.4613 6
    endloop
  endfacet
  facet normal 0 0 -1
    outer loop
      vertex 2.39633 8.03338 6
      vertex 2.57756 11.7223 6
      vertex 2.57756 8.27773 6
    endloop
  endfacet
  facet normal 0 0 -1
    outer loop
      vertex 2.39633 8.03338 6
      vertex 2.39633 11.9666 6
      vertex 2.57756 11.7223 6
    endloop
  endfacet
  facet normal 0 0 -1
    outer loop
      vertex 2.19203 7.80797 6
      vertex 2.39633 11.9666 6
      vertex 2.39633 8.03338 6
    endloop
  endfacet
  facet normal 0 0 -1
    outer loop
      vertex 2.19203 7.80797 6
      vertex 2.19203 12.192 6
      vertex 2.39633 11.9666 6
    endloop
  endfacet
  facet normal 0 0 -1
    outer loop
      vertex 1.96662 7.60367 6
      vertex 2.19203 12.192 6
      vertex 2.19203 7.80797 6
    endloop
  endfacet
  facet normal 0 0 -1
    outer loop
      vertex 1.96662 7.60367 6
      vertex 1.96662 12.3963 6
      vertex 2.19203 12.192 6
    endloop
  endfacet
  facet normal 0 0 -1
    outer loop
      vertex 1.72227 7.42244 6
      vertex 1.96662 12.3963 6
      vertex 1.96662 7.60367 6
    endloop
  endfacet
  facet normal 0 0 -1
    outer loop
      vertex 1.72227 7.42244 6
      vertex 1.72227 12.5776 6
      vertex 1.96662 12.3963 6
    endloop
  endfacet
  facet normal 0 0 -1
    outer loop
      vertex 1.46133 7.26604 6
      vertex 1.72227 12.5776 6
      vertex 1.72227 7.42244 6
    endloop
  endfacet
  facet normal 0 0 -1
    outer loop
      vertex 1.46133 7.26604 6
      vertex 1.46133 12.734 6
      vertex 1.72227 12.5776 6
    endloop
  endfacet
  facet normal 0 0 -1
    outer loop
      vertex 1.18632 7.13597 6
      vertex 1.46133 12.734 6
      vertex 1.46133 7.26604 6
    endloop
  endfacet
  facet normal 0 0 -1
    outer loop
      vertex 1.18632 7.13597 6
      vertex 1.18632 12.864 6
      vertex 1.46133 12.734 6
    endloop
  endfacet
  facet normal 0 0 -1
    outer loop
      vertex 0.899882 7.03349 6
      vertex 1.18632 12.864 6
      vertex 1.18632 7.13597 6
    endloop
  endfacet
  facet normal 0 0 -1
    outer loop
      vertex 0.899882 7.03349 6
      vertex 0.899882 12.9665 6
      vertex 1.18632 12.864 6
    endloop
  endfacet
  facet normal 0 0 -1
    outer loop
      vertex 0.604779 6.95957 6
      vertex 0.899882 12.9665 6
      vertex 0.899882 7.03349 6
    endloop
  endfacet
  facet normal 0 0 -1
    outer loop
      vertex 0.604779 6.95957 6
      vertex 0.604779 13.0404 6
      vertex 0.899882 12.9665 6
    endloop
  endfacet
  facet normal 0 0 -1
    outer loop
      vertex 0.303853 6.91493 6
      vertex 0.604779 13.0404 6
      vertex 0.604779 6.95957 6
    endloop
  endfacet
  facet normal 0 0 -1
    outer loop
      vertex 0.303853 6.91493 6
      vertex 0.303853 13.0851 6
      vertex 0.604779 13.0404 6
    endloop
  endfacet
  facet normal 0 0 -1
    outer loop
      vertex 0 6.9 6
      vertex 0.303853 13.0851 6
      vertex 0.303853 6.91493 6
    endloop
  endfacet
  facet normal 0 0 -1
    outer loop
      vertex 0 6.9 6
      vertex 0 13.1 6
      vertex 0.303853 13.0851 6
    endloop
  endfacet
  facet normal 0 0 -1
    outer loop
      vertex -0.303853 6.91493 6
      vertex 0 13.1 6
      vertex 0 6.9 6
    endloop
  endfacet
  facet normal 0 0 -1
    outer loop
      vertex -0.303853 6.91493 6
      vertex -0.303853 13.0851 6
      vertex 0 13.1 6
    endloop
  endfacet
  facet normal 0 0 -1
    outer loop
      vertex -0.604779 6.95957 6
      vertex -0.303853 13.0851 6
      vertex -0.303853 6.91493 6
    endloop
  endfacet
  facet normal 0 0 -1
    outer loop
      vertex -0.604779 6.95957 6
      vertex -0.604779 13.0404 6
      vertex -0.303853 13.0851 6
    endloop
  endfacet
  facet normal 0 0 -1
    outer loop
      vertex -0.899882 7.03349 6
      vertex -0.604779 13.0404 6
      vertex -0.604779 6.95957 6
    endloop
  endfacet
  facet normal 0 0 -1
    outer loop
      vertex -0.899882 7.03349 6
      vertex -0.899882 12.9665 6
      vertex -0.604779 13.0404 6
    endloop
  endfacet
  facet normal 0 0 -1
    outer loop
      vertex -1.18632 7.13597 6
      vertex -0.899882 12.9665 6
      vertex -0.899882 7.03349 6
    endloop
  endfacet
  facet normal 0 0 -1
    outer loop
      vertex -1.18632 7.13597 6
      vertex -1.18632 12.864 6
      vertex -0.899882 12.9665 6
    endloop
  endfacet
  facet normal 0 0 -1
    outer loop
      vertex -1.46133 7.26604 6
      vertex -1.18632 12.864 6
      vertex -1.18632 7.13597 6
    endloop
  endfacet
  facet normal 0 0 -1
    outer loop
      vertex -1.46133 7.26604 6
      vertex -1.46133 12.734 6
      vertex -1.18632 12.864 6
    endloop
  endfacet
  facet normal 0 0 -1
    outer loop
      vertex -1.72227 7.42244 6
      vertex -1.46133 12.734 6
      vertex -1.46133 7.26604 6
    endloop
  endfacet
  facet normal 0 0 -1
    outer loop
      vertex -1.72227 7.42244 6
      vertex -1.72227 12.5776 6
      vertex -1.46133 12.734 6
    endloop
  endfacet
  facet normal 0 0 -1
    outer loop
      vertex -1.96662 7.60367 6
      vertex -1.72227 12.5776 6
      vertex -1.72227 7.42244 6
    endloop
  endfacet
  facet normal 0 0 -1
    outer loop
      vertex -1.96662 7.60367 6
      vertex -1.96662 12.3963 6
      vertex -1.72227 12.5776 6
    endloop
  endfacet
  facet normal 0 0 -1
    outer loop
      vertex -2.19203 7.80797 6
      vertex -1.96662 12.3963 6
      vertex -1.96662 7.60367 6
    endloop
  endfacet
  facet normal 0 0 -1
    outer loop
      vertex -2.19203 7.80797 6
      vertex -2.19203 12.192 6
      vertex -1.96662 12.3963 6
    endloop
  endfacet
  facet normal 0 0 -1
    outer loop
      vertex -2.39633 8.03338 6
      vertex -2.19203 12.192 6
      vertex -2.19203 7.80797 6
    endloop
  endfacet
  facet normal 0 0 -1
    outer loop
      vertex -2.39633 8.03338 6
      vertex -2.39633 11.9666 6
      vertex -2.19203 12.192 6
    endloop
  endfacet
  facet normal 0 0 -1
    outer loop
      vertex -2.57756 8.27773 6
      vertex -2.39633 11.9666 6
      vertex -2.39633 8.03338 6
    endloop
  endfacet
  facet normal 0 0 -1
    outer loop
      vertex -2.57756 8.27773 6
      vertex -2.57756 11.7223 6
      vertex -2.39633 11.9666 6
    endloop
  endfacet
  facet normal 0 0 -1
    outer loop
      vertex -2.73396 8.53867 6
      vertex -2.57756 11.7223 6
      vertex -2.57756 8.27773 6
    endloop
  endfacet
  facet normal 0 0 -1
    outer loop
      vertex -2.73396 8.53867 6
      vertex -2.73396 11.4613 6
      vertex -2.57756 11.7223 6
    endloop
  endfacet
  facet normal 0 0 -1
    outer loop
      vertex -2.86403 8.81368 6
      vertex -2.73396 11.4613 6
      vertex -2.73396 8.53867 6
    endloop
  endfacet
  facet normal 0 0 -1
    outer loop
      vertex -2.86403 8.81368 6
      vertex -2.86403 11.1863 6
      vertex -2.73396 11.4613 6
    endloop
  endfacet
  facet normal 0 0 -1
    outer loop
      vertex -2.96651 9.10012 6
      vertex -2.86403 11.1863 6
      vertex -2.86403 8.81368 6
    endloop
  endfacet
  facet normal 0 0 -1
    outer loop
      vertex -2.96651 9.10012 6
      vertex -2.96651 10.8999 6
      vertex -2.86403 11.1863 6
    endloop
  endfacet
  facet normal 0 0 -1
    outer loop
      vertex -3.04043 9.39522 6
      vertex -2.96651 10.8999 6
      vertex -2.96651 9.10012 6
    endloop
  endfacet
  facet normal 0 0 -1
    outer loop
      vertex -3.04043 9.39522 6
      vertex -3.04043 10.6048 6
      vertex -2.96651 10.8999 6
    endloop
  endfacet
  facet normal 0 0 -1
    outer loop
      vertex -3.08507 9.69615 6
      vertex -3.04043 10.6048 6
      vertex -3.04043 9.39522 6
    endloop
  endfacet
  facet normal 0 0 -1
    outer loop
      vertex -3.08507 9.69615 6
      vertex -3.08507 10.3039 6
      vertex -3.04043 10.6048 6
    endloop
  endfacet
  facet normal 0 -0 -1
    outer loop
      vertex -3.08507 10.3039 6
      vertex -3.08507 9.69615 6
      vertex -3.1 10 6
    endloop
  endfacet
  facet normal 0 0 -1
    outer loop
      vertex 1.6268 -9.50652 0
      vertex 11 -18.75 0
      vertex 1.66733 -9.66835 0
    endloop
  endfacet
  facet normal 0 0 -1
    outer loop
      vertex 11 18.75 0
      vertex 1.69181 9.83337 0
      vertex 1.7 10 0
    endloop
  endfacet
  facet normal 0 0 -1
    outer loop
      vertex 1.57059 -9.34944 0
      vertex 11 -18.75 0
      vertex 1.6268 -9.50652 0
    endloop
  endfacet
  facet normal 0 0 -1
    outer loop
      vertex 11 18.75 0
      vertex 1.66733 9.66835 0
      vertex 1.69181 9.83337 0
    endloop
  endfacet
  facet normal 0 0 -1
    outer loop
      vertex 1.49927 -9.19863 0
      vertex 11 -18.75 0
      vertex 1.57059 -9.34944 0
    endloop
  endfacet
  facet normal 0 0 -1
    outer loop
      vertex 11 18.75 0
      vertex 1.6268 9.50652 0
      vertex 1.66733 9.66835 0
    endloop
  endfacet
  facet normal 0 0 -1
    outer loop
      vertex 11 -18.75 0
      vertex 1.49927 -9.19863 0
      vertex 11 18.75 0
    endloop
  endfacet
  facet normal 0 0 -1
    outer loop
      vertex 11 18.75 0
      vertex 1.57059 9.34944 0
      vertex 1.6268 9.50652 0
    endloop
  endfacet
  facet normal 0 0 -1
    outer loop
      vertex 1.49927 9.19863 0
      vertex 11 18.75 0
      vertex 1.49927 -9.19863 0
    endloop
  endfacet
  facet normal 0 0 -1
    outer loop
      vertex 11 18.75 0
      vertex 1.49927 9.19863 0
      vertex 1.57059 9.34944 0
    endloop
  endfacet
  facet normal 0 0 -1
    outer loop
      vertex 1.4135 -9.05553 0
      vertex 1.49927 9.19863 0
      vertex 1.49927 -9.19863 0
    endloop
  endfacet
  facet normal 0 0 -1
    outer loop
      vertex 1.4135 -9.05553 0
      vertex 1.4135 9.05553 0
      vertex 1.49927 9.19863 0
    endloop
  endfacet
  facet normal 0 0 -1
    outer loop
      vertex 1.31412 -8.92153 0
      vertex 1.4135 9.05553 0
      vertex 1.4135 -9.05553 0
    endloop
  endfacet
  facet normal 0 0 -1
    outer loop
      vertex 1.31412 -8.92153 0
      vertex 1.31412 8.92153 0
      vertex 1.4135 9.05553 0
    endloop
  endfacet
  facet normal 0 0 -1
    outer loop
      vertex 1.20208 -8.79792 0
      vertex 1.31412 8.92153 0
      vertex 1.31412 -8.92153 0
    endloop
  endfacet
  facet normal 0 0 -1
    outer loop
      vertex 1.20208 -8.79792 0
      vertex 1.20208 8.79792 0
      vertex 1.31412 8.92153 0
    endloop
  endfacet
  facet normal 0 0 -1
    outer loop
      vertex 1.07847 -8.68588 0
      vertex 1.20208 8.79792 0
      vertex 1.20208 -8.79792 0
    endloop
  endfacet
  facet normal 0 0 -1
    outer loop
      vertex 1.07847 -8.68588 0
      vertex 1.07847 8.68588 0
      vertex 1.20208 8.79792 0
    endloop
  endfacet
  facet normal 0 0 -1
    outer loop
      vertex 0.944468 -8.5865 0
      vertex 1.07847 8.68588 0
      vertex 1.07847 -8.68588 0
    endloop
  endfacet
  facet normal 0 0 -1
    outer loop
      vertex 0.944468 -8.5865 0
      vertex 0.944468 8.5865 0
      vertex 1.07847 8.68588 0
    endloop
  endfacet
  facet normal 0 0 -1
    outer loop
      vertex 0.801374 -8.50073 0
      vertex 0.944468 8.5865 0
      vertex 0.944468 -8.5865 0
    endloop
  endfacet
  facet normal 0 0 -1
    outer loop
      vertex 0.801374 -8.50073 0
      vertex 0.801374 8.50073 0
      vertex 0.944468 8.5865 0
    endloop
  endfacet
  facet normal 0 0 -1
    outer loop
      vertex 0.650561 -8.42941 0
      vertex 0.801374 8.50073 0
      vertex 0.801374 -8.50073 0
    endloop
  endfacet
  facet normal 0 0 -1
    outer loop
      vertex 0.650561 -8.42941 0
      vertex 0.650561 8.42941 0
      vertex 0.801374 8.50073 0
    endloop
  endfacet
  facet normal 0 0 -1
    outer loop
      vertex 0.493484 -8.3732 0
      vertex 0.650561 8.42941 0
      vertex 0.650561 -8.42941 0
    endloop
  endfacet
  facet normal 0 0 -1
    outer loop
      vertex 0.493484 -8.3732 0
      vertex 0.493484 8.3732 0
      vertex 0.650561 8.42941 0
    endloop
  endfacet
  facet normal 0 0 -1
    outer loop
      vertex 0.331653 -8.33267 0
      vertex 0.493484 8.3732 0
      vertex 0.493484 -8.3732 0
    endloop
  endfacet
  facet normal 0 0 -1
    outer loop
      vertex 0.331653 -8.33267 0
      vertex 0.331653 8.33267 0
      vertex 0.493484 8.3732 0
    endloop
  endfacet
  facet normal 0 0 -1
    outer loop
      vertex 0.166629 -8.30819 0
      vertex 0.331653 8.33267 0
      vertex 0.331653 -8.33267 0
    endloop
  endfacet
  facet normal 0 0 -1
    outer loop
      vertex 0.166629 -8.30819 0
      vertex 0.166629 8.30819 0
      vertex 0.331653 8.33267 0
    endloop
  endfacet
  facet normal 0 0 -1
    outer loop
      vertex 0 -8.3 0
      vertex 0.166629 8.30819 0
      vertex 0.166629 -8.30819 0
    endloop
  endfacet
  facet normal 0 0 -1
    outer loop
      vertex 0 -8.3 0
      vertex 0 8.3 0
      vertex 0.166629 8.30819 0
    endloop
  endfacet
  facet normal 0 0 -1
    outer loop
      vertex -0.166629 -8.30819 0
      vertex 0 8.3 0
      vertex 0 -8.3 0
    endloop
  endfacet
  facet normal 0 0 -1
    outer loop
      vertex -0.166629 -8.30819 0
      vertex -0.166629 8.30819 0
      vertex 0 8.3 0
    endloop
  endfacet
  facet normal 0 0 -1
    outer loop
      vertex -0.331653 -8.33267 0
      vertex -0.166629 8.30819 0
      vertex -0.166629 -8.30819 0
    endloop
  endfacet
  facet normal 0 0 -1
    outer loop
      vertex -0.331653 -8.33267 0
      vertex -0.331653 8.33267 0
      vertex -0.166629 8.30819 0
    endloop
  endfacet
  facet normal 0 0 -1
    outer loop
      vertex -0.493484 -8.3732 0
      vertex -0.331653 8.33267 0
      vertex -0.331653 -8.33267 0
    endloop
  endfacet
  facet normal 0 0 -1
    outer loop
      vertex -0.493484 -8.3732 0
      vertex -0.493484 8.3732 0
      vertex -0.331653 8.33267 0
    endloop
  endfacet
  facet normal 0 0 -1
    outer loop
      vertex -0.650561 -8.42941 0
      vertex -0.493484 8.3732 0
      vertex -0.493484 -8.3732 0
    endloop
  endfacet
  facet normal 0 0 -1
    outer loop
      vertex -0.650561 -8.42941 0
      vertex -0.650561 8.42941 0
      vertex -0.493484 8.3732 0
    endloop
  endfacet
  facet normal 0 0 -1
    outer loop
      vertex -0.801374 -8.50073 0
      vertex -0.650561 8.42941 0
      vertex -0.650561 -8.42941 0
    endloop
  endfacet
  facet normal 0 0 -1
    outer loop
      vertex -0.801374 -8.50073 0
      vertex -0.801374 8.50073 0
      vertex -0.650561 8.42941 0
    endloop
  endfacet
  facet normal 0 0 -1
    outer loop
      vertex -0.944468 -8.5865 0
      vertex -0.801374 8.50073 0
      vertex -0.801374 -8.50073 0
    endloop
  endfacet
  facet normal 0 0 -1
    outer loop
      vertex -0.944468 -8.5865 0
      vertex -0.944468 8.5865 0
      vertex -0.801374 8.50073 0
    endloop
  endfacet
  facet normal 0 0 -1
    outer loop
      vertex -1.07847 -8.68588 0
      vertex -0.944468 8.5865 0
      vertex -0.944468 -8.5865 0
    endloop
  endfacet
  facet normal 0 0 -1
    outer loop
      vertex -1.07847 -8.68588 0
      vertex -1.07847 8.68588 0
      vertex -0.944468 8.5865 0
    endloop
  endfacet
  facet normal 0 0 -1
    outer loop
      vertex -1.20208 -8.79792 0
      vertex -1.07847 8.68588 0
      vertex -1.07847 -8.68588 0
    endloop
  endfacet
  facet normal 0 0 -1
    outer loop
      vertex -1.20208 -8.79792 0
      vertex -1.20208 8.79792 0
      vertex -1.07847 8.68588 0
    endloop
  endfacet
  facet normal 0 0 -1
    outer loop
      vertex -1.31412 -8.92153 0
      vertex -1.20208 8.79792 0
      vertex -1.20208 -8.79792 0
    endloop
  endfacet
  facet normal 0 0 -1
    outer loop
      vertex -1.31412 -8.92153 0
      vertex -1.31412 8.92153 0
      vertex -1.20208 8.79792 0
    endloop
  endfacet
  facet normal 0 0 -1
    outer loop
      vertex -1.4135 -9.05553 0
      vertex -1.31412 8.92153 0
      vertex -1.31412 -8.92153 0
    endloop
  endfacet
  facet normal 0 0 -1
    outer loop
      vertex -1.4135 -9.05553 0
      vertex -1.4135 9.05553 0
      vertex -1.31412 8.92153 0
    endloop
  endfacet
  facet normal 0 0 -1
    outer loop
      vertex -1.49927 -9.19863 0
      vertex -1.4135 9.05553 0
      vertex -1.4135 -9.05553 0
    endloop
  endfacet
  facet normal 0 0 -1
    outer loop
      vertex -1.49927 -9.19863 0
      vertex -1.49927 9.19863 0
      vertex -1.4135 9.05553 0
    endloop
  endfacet
  facet normal 0 0 -1
    outer loop
      vertex -11 -18.75 0
      vertex -1.49927 -9.19863 0
      vertex -1.57059 -9.34944 0
    endloop
  endfacet
  facet normal -0 0 -1
    outer loop
      vertex -1.49927 -9.19863 0
      vertex -11 -18.75 0
      vertex -1.49927 9.19863 0
    endloop
  endfacet
  facet normal 0 0 -1
    outer loop
      vertex -11 -18.75 0
      vertex -1.57059 -9.34944 0
      vertex -1.6268 -9.50652 0
    endloop
  endfacet
  facet normal 0 0 -1
    outer loop
      vertex -11 18.75 0
      vertex -1.49927 9.19863 0
      vertex -11 -18.75 0
    endloop
  endfacet
  facet normal 0 0 -1
    outer loop
      vertex -11 -18.75 0
      vertex -1.6268 -9.50652 0
      vertex -1.66733 -9.66835 0
    endloop
  endfacet
  facet normal 0 0 -1
    outer loop
      vertex -1.49927 9.19863 0
      vertex -11 18.75 0
      vertex -1.57059 9.34944 0
    endloop
  endfacet
  facet normal 0 0 -1
    outer loop
      vertex -11 -18.75 0
      vertex -1.66733 -9.66835 0
      vertex -1.69181 -9.83337 0
    endloop
  endfacet
  facet normal 0 0 -1
    outer loop
      vertex -1.57059 9.34944 0
      vertex -11 18.75 0
      vertex -1.6268 9.50652 0
    endloop
  endfacet
  facet normal 0 0 -1
    outer loop
      vertex -11 -18.75 0
      vertex -1.69181 -9.83337 0
      vertex -1.7 -10 0
    endloop
  endfacet
  facet normal 0 0 -1
    outer loop
      vertex -1.6268 9.50652 0
      vertex -11 18.75 0
      vertex -1.66733 9.66835 0
    endloop
  endfacet
  facet normal 0 0 -1
    outer loop
      vertex 1.69181 -9.83337 0
      vertex 11 -18.75 0
      vertex 1.7 -10 0
    endloop
  endfacet
  facet normal 0 0 -1
    outer loop
      vertex 11 -18.75 0
      vertex 1.69181 -10.1666 0
      vertex 1.7 -10 0
    endloop
  endfacet
  facet normal 0 0 -1
    outer loop
      vertex 11 -18.75 0
      vertex 1.66733 -10.3317 0
      vertex 1.69181 -10.1666 0
    endloop
  endfacet
  facet normal 0 0 -1
    outer loop
      vertex 11 -18.75 0
      vertex 1.6268 -10.4935 0
      vertex 1.66733 -10.3317 0
    endloop
  endfacet
  facet normal 0 0 -1
    outer loop
      vertex 11 -18.75 0
      vertex 1.57059 -10.6506 0
      vertex 1.6268 -10.4935 0
    endloop
  endfacet
  facet normal 0 0 -1
    outer loop
      vertex 11 -18.75 0
      vertex 1.49927 -10.8014 0
      vertex 1.57059 -10.6506 0
    endloop
  endfacet
  facet normal 0 0 -1
    outer loop
      vertex 11 -18.75 0
      vertex 1.4135 -10.9445 0
      vertex 1.49927 -10.8014 0
    endloop
  endfacet
  facet normal 0 0 -1
    outer loop
      vertex 11 -18.75 0
      vertex 1.31412 -11.0785 0
      vertex 1.4135 -10.9445 0
    endloop
  endfacet
  facet normal 0 0 -1
    outer loop
      vertex 11 -18.75 0
      vertex 1.20208 -11.2021 0
      vertex 1.31412 -11.0785 0
    endloop
  endfacet
  facet normal 0 0 -1
    outer loop
      vertex 11 -18.75 0
      vertex 1.07847 -11.3141 0
      vertex 1.20208 -11.2021 0
    endloop
  endfacet
  facet normal 0 0 -1
    outer loop
      vertex 11 -18.75 0
      vertex 0.944468 -11.4135 0
      vertex 1.07847 -11.3141 0
    endloop
  endfacet
  facet normal 0 0 -1
    outer loop
      vertex 11 -18.75 0
      vertex 0.801374 -11.4993 0
      vertex 0.944468 -11.4135 0
    endloop
  endfacet
  facet normal 0 0 -1
    outer loop
      vertex 11 -18.75 0
      vertex 0.650561 -11.5706 0
      vertex 0.801374 -11.4993 0
    endloop
  endfacet
  facet normal 0 0 -1
    outer loop
      vertex 11 -18.75 0
      vertex 0.493484 -11.6268 0
      vertex 0.650561 -11.5706 0
    endloop
  endfacet
  facet normal 0 0 -1
    outer loop
      vertex 11 -18.75 0
      vertex 0.331653 -11.6673 0
      vertex 0.493484 -11.6268 0
    endloop
  endfacet
  facet normal 0 0 -1
    outer loop
      vertex 11 -18.75 0
      vertex 0.166629 -11.6918 0
      vertex 0.331653 -11.6673 0
    endloop
  endfacet
  facet normal 0 0 -1
    outer loop
      vertex 11 -18.75 0
      vertex 0 -11.7 0
      vertex 0.166629 -11.6918 0
    endloop
  endfacet
  facet normal 0 0 -1
    outer loop
      vertex -11 -18.75 0
      vertex 0 -11.7 0
      vertex 11 -18.75 0
    endloop
  endfacet
  facet normal -0 0 -1
    outer loop
      vertex 0 -11.7 0
      vertex -11 -18.75 0
      vertex -0.166629 -11.6918 0
    endloop
  endfacet
  facet normal -0 0 -1
    outer loop
      vertex -0.166629 -11.6918 0
      vertex -11 -18.75 0
      vertex -0.331653 -11.6673 0
    endloop
  endfacet
  facet normal -0 0 -1
    outer loop
      vertex -0.331653 -11.6673 0
      vertex -11 -18.75 0
      vertex -0.493484 -11.6268 0
    endloop
  endfacet
  facet normal -0 0 -1
    outer loop
      vertex -0.493484 -11.6268 0
      vertex -11 -18.75 0
      vertex -0.650561 -11.5706 0
    endloop
  endfacet
  facet normal -0 0 -1
    outer loop
      vertex -0.650561 -11.5706 0
      vertex -11 -18.75 0
      vertex -0.801374 -11.4993 0
    endloop
  endfacet
  facet normal 0 0 -1
    outer loop
      vertex -1.66733 9.66835 0
      vertex -11 18.75 0
      vertex -1.69181 9.83337 0
    endloop
  endfacet
  facet normal -0 0 -1
    outer loop
      vertex -1.69181 -10.1666 0
      vertex -11 -18.75 0
      vertex -1.7 -10 0
    endloop
  endfacet
  facet normal -0 0 -1
    outer loop
      vertex -1.66733 -10.3317 0
      vertex -11 -18.75 0
      vertex -1.69181 -10.1666 0
    endloop
  endfacet
  facet normal -0 0 -1
    outer loop
      vertex -1.6268 -10.4935 0
      vertex -11 -18.75 0
      vertex -1.66733 -10.3317 0
    endloop
  endfacet
  facet normal -0 0 -1
    outer loop
      vertex -1.57059 -10.6506 0
      vertex -11 -18.75 0
      vertex -1.6268 -10.4935 0
    endloop
  endfacet
  facet normal -0 0 -1
    outer loop
      vertex -1.49927 -10.8014 0
      vertex -11 -18.75 0
      vertex -1.57059 -10.6506 0
    endloop
  endfacet
  facet normal -0 0 -1
    outer loop
      vertex -1.4135 -10.9445 0
      vertex -11 -18.75 0
      vertex -1.49927 -10.8014 0
    endloop
  endfacet
  facet normal -0 0 -1
    outer loop
      vertex -1.31412 -11.0785 0
      vertex -11 -18.75 0
      vertex -1.4135 -10.9445 0
    endloop
  endfacet
  facet normal -0 0 -1
    outer loop
      vertex -1.20208 -11.2021 0
      vertex -11 -18.75 0
      vertex -1.31412 -11.0785 0
    endloop
  endfacet
  facet normal -0 0 -1
    outer loop
      vertex -1.07847 -11.3141 0
      vertex -11 -18.75 0
      vertex -1.20208 -11.2021 0
    endloop
  endfacet
  facet normal -0 0 -1
    outer loop
      vertex -0.944468 -11.4135 0
      vertex -11 -18.75 0
      vertex -1.07847 -11.3141 0
    endloop
  endfacet
  facet normal -0 0 -1
    outer loop
      vertex -0.801374 -11.4993 0
      vertex -11 -18.75 0
      vertex -0.944468 -11.4135 0
    endloop
  endfacet
  facet normal 0 0 -1
    outer loop
      vertex 1.66733 -9.66835 0
      vertex 11 -18.75 0
      vertex 1.69181 -9.83337 0
    endloop
  endfacet
  facet normal 0 0 -1
    outer loop
      vertex 1.69181 10.1666 0
      vertex 11 18.75 0
      vertex 1.7 10 0
    endloop
  endfacet
  facet normal 0 0 -1
    outer loop
      vertex 1.66733 10.3317 0
      vertex 11 18.75 0
      vertex 1.69181 10.1666 0
    endloop
  endfacet
  facet normal 0 0 -1
    outer loop
      vertex 1.6268 10.4935 0
      vertex 11 18.75 0
      vertex 1.66733 10.3317 0
    endloop
  endfacet
  facet normal 0 0 -1
    outer loop
      vertex 1.57059 10.6506 0
      vertex 11 18.75 0
      vertex 1.6268 10.4935 0
    endloop
  endfacet
  facet normal 0 0 -1
    outer loop
      vertex 1.49927 10.8014 0
      vertex 11 18.75 0
      vertex 1.57059 10.6506 0
    endloop
  endfacet
  facet normal 0 0 -1
    outer loop
      vertex 1.4135 10.9445 0
      vertex 11 18.75 0
      vertex 1.49927 10.8014 0
    endloop
  endfacet
  facet normal 0 0 -1
    outer loop
      vertex 1.31412 11.0785 0
      vertex 11 18.75 0
      vertex 1.4135 10.9445 0
    endloop
  endfacet
  facet normal 0 0 -1
    outer loop
      vertex 1.20208 11.2021 0
      vertex 11 18.75 0
      vertex 1.31412 11.0785 0
    endloop
  endfacet
  facet normal 0 0 -1
    outer loop
      vertex 1.07847 11.3141 0
      vertex 11 18.75 0
      vertex 1.20208 11.2021 0
    endloop
  endfacet
  facet normal 0 0 -1
    outer loop
      vertex 0.944468 11.4135 0
      vertex 11 18.75 0
      vertex 1.07847 11.3141 0
    endloop
  endfacet
  facet normal 0 0 -1
    outer loop
      vertex 0.801374 11.4993 0
      vertex 11 18.75 0
      vertex 0.944468 11.4135 0
    endloop
  endfacet
  facet normal 0 0 -1
    outer loop
      vertex 0.650561 11.5706 0
      vertex 11 18.75 0
      vertex 0.801374 11.4993 0
    endloop
  endfacet
  facet normal 0 0 -1
    outer loop
      vertex 0.493484 11.6268 0
      vertex 11 18.75 0
      vertex 0.650561 11.5706 0
    endloop
  endfacet
  facet normal 0 0 -1
    outer loop
      vertex 0.331653 11.6673 0
      vertex 11 18.75 0
      vertex 0.493484 11.6268 0
    endloop
  endfacet
  facet normal 0 0 -1
    outer loop
      vertex 0.166629 11.6918 0
      vertex 11 18.75 0
      vertex 0.331653 11.6673 0
    endloop
  endfacet
  facet normal 0 0 -1
    outer loop
      vertex 0 11.7 0
      vertex 11 18.75 0
      vertex 0.166629 11.6918 0
    endloop
  endfacet
  facet normal 0 0 -1
    outer loop
      vertex -11 18.75 0
      vertex 0 11.7 0
      vertex -0.166629 11.6918 0
    endloop
  endfacet
  facet normal 0 0 -1
    outer loop
      vertex -11 18.75 0
      vertex -0.166629 11.6918 0
      vertex -0.331653 11.6673 0
    endloop
  endfacet
  facet normal 0 0 -1
    outer loop
      vertex -11 18.75 0
      vertex -0.331653 11.6673 0
      vertex -0.493484 11.6268 0
    endloop
  endfacet
  facet normal 0 0 -1
    outer loop
      vertex -11 18.75 0
      vertex -0.493484 11.6268 0
      vertex -0.650561 11.5706 0
    endloop
  endfacet
  facet normal 0 0 -1
    outer loop
      vertex -11 18.75 0
      vertex -0.650561 11.5706 0
      vertex -0.801374 11.4993 0
    endloop
  endfacet
  facet normal 0 0 -1
    outer loop
      vertex -11 18.75 0
      vertex -0.801374 11.4993 0
      vertex -0.944468 11.4135 0
    endloop
  endfacet
  facet normal 0 0 -1
    outer loop
      vertex -1.69181 9.83337 0
      vertex -11 18.75 0
      vertex -1.7 10 0
    endloop
  endfacet
  facet normal 0 0 -1
    outer loop
      vertex -1.7 10 0
      vertex -11 18.75 0
      vertex -1.69181 10.1666 0
    endloop
  endfacet
  facet normal 0 0 -1
    outer loop
      vertex -1.69181 10.1666 0
      vertex -11 18.75 0
      vertex -1.66733 10.3317 0
    endloop
  endfacet
  facet normal 0 0 -1
    outer loop
      vertex 0 11.7 0
      vertex -11 18.75 0
      vertex 11 18.75 0
    endloop
  endfacet
  facet normal 0 0 -1
    outer loop
      vertex -1.07847 11.3141 0
      vertex -11 18.75 0
      vertex -0.944468 11.4135 0
    endloop
  endfacet
  facet normal 0 0 -1
    outer loop
      vertex -1.20208 11.2021 0
      vertex -11 18.75 0
      vertex -1.07847 11.3141 0
    endloop
  endfacet
  facet normal 0 0 -1
    outer loop
      vertex -1.31412 11.0785 0
      vertex -11 18.75 0
      vertex -1.20208 11.2021 0
    endloop
  endfacet
  facet normal 0 0 -1
    outer loop
      vertex -1.4135 10.9445 0
      vertex -11 18.75 0
      vertex -1.31412 11.0785 0
    endloop
  endfacet
  facet normal 0 0 -1
    outer loop
      vertex -1.49927 10.8014 0
      vertex -11 18.75 0
      vertex -1.4135 10.9445 0
    endloop
  endfacet
  facet normal 0 0 -1
    outer loop
      vertex -1.57059 10.6506 0
      vertex -11 18.75 0
      vertex -1.49927 10.8014 0
    endloop
  endfacet
  facet normal 0 0 -1
    outer loop
      vertex -1.6268 10.4935 0
      vertex -11 18.75 0
      vertex -1.57059 10.6506 0
    endloop
  endfacet
  facet normal 0 0 -1
    outer loop
      vertex -1.66733 10.3317 0
      vertex -11 18.75 0
      vertex -1.6268 10.4935 0
    endloop
  endfacet
  facet normal -1 0 0
    outer loop
      vertex -11 -18.75 0
      vertex -11 18.75 6
      vertex -11 18.75 0
    endloop
  endfacet
  facet normal -1 -0 0
    outer loop
      vertex -11 18.75 6
      vertex -11 -18.75 0
      vertex -11 -18.75 6
    endloop
  endfacet
  facet normal 0 1 -0
    outer loop
      vertex 11 18.75 0
      vertex -11 18.75 6
      vertex 11 18.75 6
    endloop
  endfacet
  facet normal 0 1 0
    outer loop
      vertex -11 18.75 6
      vertex 11 18.75 0
      vertex -11 18.75 0
    endloop
  endfacet
  facet normal 0 -1 0
    outer loop
      vertex -11 -18.75 0
      vertex -7 -18.75 6
      vertex -11 -18.75 6
    endloop
  endfacet
  facet normal 0 -1 -0
    outer loop
      vertex -7 -18.75 6
      vertex -11 -18.75 0
      vertex 7 -18.75 6
    endloop
  endfacet
  facet normal 0 -1 0
    outer loop
      vertex 11 -18.75 0
      vertex 7 -18.75 6
      vertex -11 -18.75 0
    endloop
  endfacet
  facet normal 0 -1 0
    outer loop
      vertex 7 -18.75 6
      vertex 11 -18.75 0
      vertex 11 -18.75 6
    endloop
  endfacet
  facet normal 1 -0 0
    outer loop
      vertex 10 -19.6667 22.6
      vertex 10 0 16
      vertex 10 0 22.6
    endloop
  endfacet
  facet normal 1 0 0
    outer loop
      vertex 10 0 16
      vertex 10 -19.6667 22.6
      vertex 10 -19.6667 16
    endloop
  endfacet
  facet normal -0 0 1
    outer loop
      vertex -10 0 22.6
      vertex -7 -16.4765 22.6
      vertex -7 0 22.6
    endloop
  endfacet
  facet normal 0 0 1
    outer loop
      vertex -10 -19.6667 22.6
      vertex -7 -16.4765 22.6
      vertex -10 0 22.6
    endloop
  endfacet
  facet normal 0 0 1
    outer loop
      vertex -7 -16.4765 22.6
      vertex -10 -19.6667 22.6
      vertex -7 -17 22.6
    endloop
  endfacet
  facet normal 0 0 1
    outer loop
      vertex -7 -17 22.6
      vertex -10 -19.6667 22.6
      vertex -7 -19.6667 22.6
    endloop
  endfacet
  facet normal -0 0 1
    outer loop
      vertex -7 -16.4765 22.6
      vertex 7 -17 22.6
      vertex 7 -16.4765 22.6
    endloop
  endfacet
  facet normal 0 0 1
    outer loop
      vertex 7 -17 22.6
      vertex -7 -16.4765 22.6
      vertex -7 -17 22.6
    endloop
  endfacet
  facet normal 0 0 1
    outer loop
      vertex 7 -16.4765 22.6
      vertex 10 0 22.6
      vertex 7 0 22.6
    endloop
  endfacet
  facet normal 0 0 1
    outer loop
      vertex 10 0 22.6
      vertex 7 -16.4765 22.6
      vertex 10 -19.6667 22.6
    endloop
  endfacet
  facet normal -0 0 1
    outer loop
      vertex 7 -17 22.6
      vertex 10 -19.6667 22.6
      vertex 7 -16.4765 22.6
    endloop
  endfacet
  facet normal 0 0 1
    outer loop
      vertex 10 -19.6667 22.6
      vertex 7 -17 22.6
      vertex 7 -19.6667 22.6
    endloop
  endfacet
  facet normal 0 0 -1
    outer loop
      vertex -10 -19.6667 16
      vertex -7 -17 16
      vertex -7 -19.6667 16
    endloop
  endfacet
  facet normal -0 0 -1
    outer loop
      vertex -7 -17 16
      vertex -10 -19.6667 16
      vertex -7 -16.698 16
    endloop
  endfacet
  facet normal 0 0 -1
    outer loop
      vertex -10 0 16
      vertex -7 -16.698 16
      vertex -10 -19.6667 16
    endloop
  endfacet
  facet normal 0 0 -1
    outer loop
      vertex -7 -16.698 16
      vertex -10 0 16
      vertex -7 0 16
    endloop
  endfacet
  facet normal 0 0 -1
    outer loop
      vertex -7 -17 16
      vertex 7 -16.698 16
      vertex 7 -17 16
    endloop
  endfacet
  facet normal -0 0 -1
    outer loop
      vertex 7 -16.698 16
      vertex -7 -17 16
      vertex -7 -16.698 16
    endloop
  endfacet
  facet normal 0 0 -1
    outer loop
      vertex 7 -17 16
      vertex 10 -19.6667 16
      vertex 7 -19.6667 16
    endloop
  endfacet
  facet normal 0 0 -1
    outer loop
      vertex 7 -16.698 16
      vertex 10 -19.6667 16
      vertex 7 -17 16
    endloop
  endfacet
  facet normal 0 0 -1
    outer loop
      vertex 10 -19.6667 16
      vertex 7 -16.698 16
      vertex 10 0 16
    endloop
  endfacet
  facet normal -0 0 -1
    outer loop
      vertex 10 0 16
      vertex 7 -16.698 16
      vertex 7 0 16
    endloop
  endfacet
  facet normal -1 0 0
    outer loop
      vertex -10 -19.6667 16
      vertex -10 0 22.6
      vertex -10 0 16
    endloop
  endfacet
  facet normal -1 -0 0
    outer loop
      vertex -10 0 22.6
      vertex -10 -19.6667 16
      vertex -10 -19.6667 22.6
    endloop
  endfacet
  facet normal 0 1 -0
    outer loop
      vertex -7 0 16
      vertex -10 0 22.6
      vertex -7 0 22.6
    endloop
  endfacet
  facet normal 0 1 0
    outer loop
      vertex -10 0 22.6
      vertex -7 0 16
      vertex -10 0 16
    endloop
  endfacet
  facet normal 0 1 -0
    outer loop
      vertex 10 0 16
      vertex 7 0 22.6
      vertex 10 0 22.6
    endloop
  endfacet
  facet normal 0 1 0
    outer loop
      vertex 7 0 22.6
      vertex 10 0 16
      vertex 7 0 16
    endloop
  endfacet
  facet normal 0 -1 0
    outer loop
      vertex -10 -19.6667 16
      vertex -7 -19.6667 22.6
      vertex -10 -19.6667 22.6
    endloop
  endfacet
  facet normal 0 -1 -0
    outer loop
      vertex -7 -19.6667 22.6
      vertex -10 -19.6667 16
      vertex -7 -19.6667 16
    endloop
  endfacet
  facet normal 0 -1 0
    outer loop
      vertex 7 -19.6667 16
      vertex 10 -19.6667 22.6
      vertex 7 -19.6667 22.6
    endloop
  endfacet
  facet normal 0 -1 -0
    outer loop
      vertex 10 -19.6667 22.6
      vertex 7 -19.6667 16
      vertex 10 -19.6667 16
    endloop
  endfacet
  facet normal 1 -0 0
    outer loop
      vertex 10 -18.6667 51.4
      vertex 10 0 46
      vertex 10 0 51.4
    endloop
  endfacet
  facet normal 1 0 0
    outer loop
      vertex 10 0 46
      vertex 10 -18.6667 51.4
      vertex 10 -18.6667 46
    endloop
  endfacet
  facet normal 0 0 1
    outer loop
      vertex -7 0 51.4
      vertex -10 0 51.4
      vertex -7 -15.5101 51.4
    endloop
  endfacet
  facet normal 0 0 1
    outer loop
      vertex 7 -15.5101 51.4
      vertex 10 0 51.4
      vertex 7 0 51.4
    endloop
  endfacet
  facet normal 0 0 1
    outer loop
      vertex 10 0 51.4
      vertex 7 -15.5101 51.4
      vertex 10 -18.6667 51.4
    endloop
  endfacet
  facet normal -0 0 1
    outer loop
      vertex -7 -15.5101 51.4
      vertex 10 -18.6667 51.4
      vertex 7 -15.5101 51.4
    endloop
  endfacet
  facet normal 0 0 1
    outer loop
      vertex -7 -15.5101 51.4
      vertex -10 -18.6667 51.4
      vertex 10 -18.6667 51.4
    endloop
  endfacet
  facet normal 0 0 1
    outer loop
      vertex -10 -18.6667 51.4
      vertex -7 -15.5101 51.4
      vertex -10 0 51.4
    endloop
  endfacet
  facet normal 0 0 -1
    outer loop
      vertex -7 -17 46
      vertex 7 -15.6913 46
      vertex 7 -17 46
    endloop
  endfacet
  facet normal -0 0 -1
    outer loop
      vertex 7 -15.6913 46
      vertex -7 -17 46
      vertex -7 -15.6913 46
    endloop
  endfacet
  facet normal 0 0 -1
    outer loop
      vertex 7 -17 46
      vertex 10 -18.6667 46
      vertex 7 -17.7679 46
    endloop
  endfacet
  facet normal 0 0 -1
    outer loop
      vertex 10 -18.6667 46
      vertex -7 -17.7679 46
      vertex 7 -17.7679 46
    endloop
  endfacet
  facet normal 0 0 -1
    outer loop
      vertex -10 -18.6667 46
      vertex -7 -17 46
      vertex -7 -17.7679 46
    endloop
  endfacet
  facet normal -0 0 -1
    outer loop
      vertex -7 -17 46
      vertex -10 -18.6667 46
      vertex -7 -15.6913 46
    endloop
  endfacet
  facet normal 0 0 -1
    outer loop
      vertex -10 -18.6667 46
      vertex -7 -17.7679 46
      vertex 10 -18.6667 46
    endloop
  endfacet
  facet normal -0 0 -1
    outer loop
      vertex -7 -15.6913 46
      vertex -10 -18.6667 46
      vertex -10 0 46
    endloop
  endfacet
  facet normal 0 0 -1
    outer loop
      vertex -7 -15.6913 46
      vertex -10 0 46
      vertex -7 0 46
    endloop
  endfacet
  facet normal 0 0 -1
    outer loop
      vertex 7 -15.6913 46
      vertex 10 -18.6667 46
      vertex 7 -17 46
    endloop
  endfacet
  facet normal 0 0 -1
    outer loop
      vertex 10 -18.6667 46
      vertex 7 -15.6913 46
      vertex 10 0 46
    endloop
  endfacet
  facet normal -0 0 -1
    outer loop
      vertex 10 0 46
      vertex 7 -15.6913 46
      vertex 7 0 46
    endloop
  endfacet
  facet normal -1 0 0
    outer loop
      vertex -10 -18.6667 46
      vertex -10 0 51.4
      vertex -10 0 46
    endloop
  endfacet
  facet normal -1 -0 0
    outer loop
      vertex -10 0 51.4
      vertex -10 -18.6667 46
      vertex -10 -18.6667 51.4
    endloop
  endfacet
  facet normal 0 1 -0
    outer loop
      vertex -7 0 46
      vertex -10 0 51.4
      vertex -7 0 51.4
    endloop
  endfacet
  facet normal 0 1 0
    outer loop
      vertex -10 0 51.4
      vertex -7 0 46
      vertex -10 0 46
    endloop
  endfacet
  facet normal 0 1 -0
    outer loop
      vertex 10 0 46
      vertex 7 0 51.4
      vertex 10 0 51.4
    endloop
  endfacet
  facet normal 0 1 0
    outer loop
      vertex 7 0 51.4
      vertex 10 0 46
      vertex 7 0 46
    endloop
  endfacet
  facet normal 0 -1 0
    outer loop
      vertex -10 -18.6667 46
      vertex 10 -18.6667 51.4
      vertex -10 -18.6667 51.4
    endloop
  endfacet
  facet normal 0 -1 -0
    outer loop
      vertex 10 -18.6667 51.4
      vertex -10 -18.6667 46
      vertex 10 -18.6667 46
    endloop
  endfacet
  facet normal 1 -0 0
    outer loop
      vertex 10 -17.6667 80.2
      vertex 10 0 76
      vertex 10 0 80.2
    endloop
  endfacet
  facet normal 1 0 0
    outer loop
      vertex 10 0 76
      vertex 10 -17.6667 80.2
      vertex 10 -17.6667 76
    endloop
  endfacet
  facet normal 0 0 1
    outer loop
      vertex -7 0 80.2
      vertex -10 0 80.2
      vertex -7 -14.5436 80.2
    endloop
  endfacet
  facet normal 0 0 1
    outer loop
      vertex 7 -14.5436 80.2
      vertex 10 0 80.2
      vertex 7 0 80.2
    endloop
  endfacet
  facet normal 0 0 1
    outer loop
      vertex 10 0 80.2
      vertex 7 -14.5436 80.2
      vertex 10 -17.6667 80.2
    endloop
  endfacet
  facet normal -0 0 1
    outer loop
      vertex -7 -14.5436 80.2
      vertex 10 -17.6667 80.2
      vertex 7 -14.5436 80.2
    endloop
  endfacet
  facet normal 0 0 1
    outer loop
      vertex -7 -14.5436 80.2
      vertex -10 -17.6667 80.2
      vertex 10 -17.6667 80.2
    endloop
  endfacet
  facet normal 0 0 1
    outer loop
      vertex -10 -17.6667 80.2
      vertex -7 -14.5436 80.2
      vertex -10 0 80.2
    endloop
  endfacet
  facet normal 0 0 -1
    outer loop
      vertex 10 -17.6667 76
      vertex 7 -14.6846 76
      vertex 10 0 76
    endloop
  endfacet
  facet normal 0 0 -1
    outer loop
      vertex 10 -17.6667 76
      vertex -7 -14.6846 76
      vertex 7 -14.6846 76
    endloop
  endfacet
  facet normal 0 0 -1
    outer loop
      vertex -10 -17.6667 76
      vertex -7 -14.6846 76
      vertex 10 -17.6667 76
    endloop
  endfacet
  facet normal 0 0 -1
    outer loop
      vertex -10 0 76
      vertex -7 -14.6846 76
      vertex -10 -17.6667 76
    endloop
  endfacet
  facet normal 0 0 -1
    outer loop
      vertex -7 -14.6846 76
      vertex -10 0 76
      vertex -7 0 76
    endloop
  endfacet
  facet normal -0 0 -1
    outer loop
      vertex 10 0 76
      vertex 7 -14.6846 76
      vertex 7 0 76
    endloop
  endfacet
  facet normal -1 0 0
    outer loop
      vertex -10 -17.6667 76
      vertex -10 0 80.2
      vertex -10 0 76
    endloop
  endfacet
  facet normal -1 -0 0
    outer loop
      vertex -10 0 80.2
      vertex -10 -17.6667 76
      vertex -10 -17.6667 80.2
    endloop
  endfacet
  facet normal 0 1 -0
    outer loop
      vertex -7 0 76
      vertex -10 0 80.2
      vertex -7 0 80.2
    endloop
  endfacet
  facet normal 0 1 0
    outer loop
      vertex -10 0 80.2
      vertex -7 0 76
      vertex -10 0 76
    endloop
  endfacet
  facet normal 0 1 -0
    outer loop
      vertex 10 0 76
      vertex 7 0 80.2
      vertex 10 0 80.2
    endloop
  endfacet
  facet normal 0 1 0
    outer loop
      vertex 7 0 80.2
      vertex 10 0 76
      vertex 7 0 76
    endloop
  endfacet
  facet normal 0 -1 0
    outer loop
      vertex -10 -17.6667 76
      vertex 10 -17.6667 80.2
      vertex -10 -17.6667 80.2
    endloop
  endfacet
  facet normal 0 -1 -0
    outer loop
      vertex 10 -17.6667 80.2
      vertex -10 -17.6667 76
      vertex 10 -17.6667 76
    endloop
  endfacet
  facet normal 1 -0 0
    outer loop
      vertex 10 -16.6667 109
      vertex 10 0 106
      vertex 10 0 109
    endloop
  endfacet
  facet normal 1 0 0
    outer loop
      vertex 10 0 106
      vertex 10 -16.6667 109
      vertex 10 -16.6667 106
    endloop
  endfacet
  facet normal 0 0 1
    outer loop
      vertex -7 0 109
      vertex -10 0 109
      vertex -7 -13.5772 109
    endloop
  endfacet
  facet normal 0 0 1
    outer loop
      vertex 7 -13.5772 109
      vertex 10 0 109
      vertex 7 0 109
    endloop
  endfacet
  facet normal 0 0 1
    outer loop
      vertex 10 0 109
      vertex 7 -13.5772 109
      vertex 10 -16.6667 109
    endloop
  endfacet
  facet normal -0 0 1
    outer loop
      vertex -7 -13.5772 109
      vertex 10 -16.6667 109
      vertex 7 -13.5772 109
    endloop
  endfacet
  facet normal 0 0 1
    outer loop
      vertex -7 -13.5772 109
      vertex -10 -16.6667 109
      vertex 10 -16.6667 109
    endloop
  endfacet
  facet normal 0 0 1
    outer loop
      vertex -10 -16.6667 109
      vertex -7 -13.5772 109
      vertex -10 0 109
    endloop
  endfacet
  facet normal 0 0 -1
    outer loop
      vertex 10 -16.6667 106
      vertex 7 -13.6779 106
      vertex 10 0 106
    endloop
  endfacet
  facet normal 0 0 -1
    outer loop
      vertex 10 -16.6667 106
      vertex -7 -13.6779 106
      vertex 7 -13.6779 106
    endloop
  endfacet
  facet normal 0 0 -1
    outer loop
      vertex -10 -16.6667 106
      vertex -7 -13.6779 106
      vertex 10 -16.6667 106
    endloop
  endfacet
  facet normal 0 0 -1
    outer loop
      vertex -10 0 106
      vertex -7 -13.6779 106
      vertex -10 -16.6667 106
    endloop
  endfacet
  facet normal 0 0 -1
    outer loop
      vertex -7 -13.6779 106
      vertex -10 0 106
      vertex -7 0 106
    endloop
  endfacet
  facet normal -0 0 -1
    outer loop
      vertex 10 0 106
      vertex 7 -13.6779 106
      vertex 7 0 106
    endloop
  endfacet
  facet normal -1 0 0
    outer loop
      vertex -10 -16.6667 106
      vertex -10 0 109
      vertex -10 0 106
    endloop
  endfacet
  facet normal -1 -0 0
    outer loop
      vertex -10 0 109
      vertex -10 -16.6667 106
      vertex -10 -16.6667 109
    endloop
  endfacet
  facet normal 0 1 -0
    outer loop
      vertex -7 0 106
      vertex -10 0 109
      vertex -7 0 109
    endloop
  endfacet
  facet normal 0 1 0
    outer loop
      vertex -10 0 109
      vertex -7 0 106
      vertex -10 0 106
    endloop
  endfacet
  facet normal 0 1 -0
    outer loop
      vertex 10 0 106
      vertex 7 0 109
      vertex 10 0 109
    endloop
  endfacet
  facet normal 0 1 0
    outer loop
      vertex 7 0 109
      vertex 10 0 106
      vertex 7 0 106
    endloop
  endfacet
  facet normal 0 -1 0
    outer loop
      vertex -10 -16.6667 106
      vertex 10 -16.6667 109
      vertex -10 -16.6667 109
    endloop
  endfacet
  facet normal 0 -1 -0
    outer loop
      vertex 10 -16.6667 109
      vertex -10 -16.6667 106
      vertex 10 -16.6667 106
    endloop
  endfacet
  facet normal 0 -0.999437 0.0335367
    outer loop
      vertex -7 -17 7
      vertex 7 -16.698 16
      vertex -7 -16.698 16
    endloop
  endfacet
  facet normal 0 -0.999437 0.0335367
    outer loop
      vertex 7 -16.698 16
      vertex -7 -17 7
      vertex 7 -17 7
    endloop
  endfacet
  facet normal 0 -0.999437 0.0335386
    outer loop
      vertex -7 -13.5772 109
      vertex 7 -12 156
      vertex -7 -12 156
    endloop
  endfacet
  facet normal 0 -0.999437 0.0335386
    outer loop
      vertex 7 -12 156
      vertex -7 -13.5772 109
      vertex 7 -13.5772 109
    endloop
  endfacet
  facet normal 0 -0.999437 0.0335367
    outer loop
      vertex -7 -16.4765 22.6
      vertex 7 -15.6913 46
      vertex -7 -15.6913 46
    endloop
  endfacet
  facet normal 0 -0.999437 0.0335367
    outer loop
      vertex 7 -15.6913 46
      vertex -7 -16.4765 22.6
      vertex 7 -16.4765 22.6
    endloop
  endfacet
  facet normal 0 -0.999437 0.033538
    outer loop
      vertex -7 -15.5101 51.4
      vertex 7 -14.6846 76
      vertex -7 -14.6846 76
    endloop
  endfacet
  facet normal 0 -0.999437 0.033538
    outer loop
      vertex 7 -14.6846 76
      vertex -7 -15.5101 51.4
      vertex 7 -15.5101 51.4
    endloop
  endfacet
  facet normal 0 -0.999438 0.0335354
    outer loop
      vertex -7 -14.5436 80.2
      vertex 7 -13.6779 106
      vertex -7 -13.6779 106
    endloop
  endfacet
  facet normal 0 -0.999438 0.0335354
    outer loop
      vertex 7 -13.6779 106
      vertex -7 -14.5436 80.2
      vertex 7 -14.5436 80.2
    endloop
  endfacet
  facet normal -0 0 1
    outer loop
      vertex -7 12 156
      vertex 7 -12 156
      vertex 7 12 156
    endloop
  endfacet
  facet normal 0 0 1
    outer loop
      vertex 7 -12 156
      vertex -7 12 156
      vertex -7 -12 156
    endloop
  endfacet
  facet normal 0 0.999437 0.0335383
    outer loop
      vertex 7 12.2349 149
      vertex -7 12 156
      vertex 7 12 156
    endloop
  endfacet
  facet normal 0 0.999437 0.0335383
    outer loop
      vertex -7 12 156
      vertex 7 12.2349 149
      vertex -7 12.2349 149
    endloop
  endfacet
  facet normal 0 0.999437 0.033538
    outer loop
      vertex 7 17 7
      vertex -7 13.1074 123
      vertex 7 13.1074 123
    endloop
  endfacet
  facet normal 0 0.999437 0.033538
    outer loop
      vertex -7 13.1074 123
      vertex 7 17 7
      vertex -7 17 7
    endloop
  endfacet
  facet normal 0 1 -0
    outer loop
      vertex 7 -17 7
      vertex -7 -17 16
      vertex 7 -17 16
    endloop
  endfacet
  facet normal 0 1 0
    outer loop
      vertex -7 -17 16
      vertex 7 -17 7
      vertex -7 -17 7
    endloop
  endfacet
  facet normal 0 1 -0
    outer loop
      vertex 7 -17 22.6
      vertex -7 -17 46
      vertex 7 -17 46
    endloop
  endfacet
  facet normal 0 1 0
    outer loop
      vertex -7 -17 46
      vertex 7 -17 22.6
      vertex -7 -17 22.6
    endloop
  endfacet
  facet normal -1 0 0
    outer loop
      vertex -7 0 80.2
      vertex -7 -13.6779 106
      vertex -7 0 106
    endloop
  endfacet
  facet normal -1 0 -0
    outer loop
      vertex -7 -13.6779 106
      vertex -7 0 80.2
      vertex -7 -14.5436 80.2
    endloop
  endfacet
  facet normal -1 0 0
    outer loop
      vertex -7 0 51.4
      vertex -7 -14.6846 76
      vertex -7 0 76
    endloop
  endfacet
  facet normal -1 0 -0
    outer loop
      vertex -7 -14.6846 76
      vertex -7 0 51.4
      vertex -7 -15.5101 51.4
    endloop
  endfacet
  facet normal -1 0 0
    outer loop
      vertex -7 0 22.6
      vertex -7 -15.6913 46
      vertex -7 0 46
    endloop
  endfacet
  facet normal -1 0 -0
    outer loop
      vertex -7 -15.6913 46
      vertex -7 0 22.6
      vertex -7 -16.4765 22.6
    endloop
  endfacet
  facet normal -1 0 0
    outer loop
      vertex -7 0 16
      vertex -7 17 7
      vertex -7 17 6
    endloop
  endfacet
  facet normal -1 0 0
    outer loop
      vertex -7 17 7
      vertex -7 0 76
      vertex -7 13.1074 123
    endloop
  endfacet
  facet normal -1 0 0
    outer loop
      vertex -7 0 80.2
      vertex -7 13.1074 123
      vertex -7 0 76
    endloop
  endfacet
  facet normal -1 0 0
    outer loop
      vertex -7 0 106
      vertex -7 13.1074 123
      vertex -7 0 80.2
    endloop
  endfacet
  facet normal -1 0 0
    outer loop
      vertex -7 0 109
      vertex -7 13.1074 123
      vertex -7 0 106
    endloop
  endfacet
  facet normal -1 -0 0
    outer loop
      vertex -7 13.1074 123
      vertex -7 0 109
      vertex -7 11.3378 123
    endloop
  endfacet
  facet normal -1 -0 0
    outer loop
      vertex -7 11.3378 123
      vertex -7 0 109
      vertex -7 11.1026 123.551
    endloop
  endfacet
  facet normal -1 -0 0
    outer loop
      vertex -7 10.8222 124.209
      vertex -7 0 109
      vertex -7 10.6511 124.757
    endloop
  endfacet
  facet normal -1 -0 0
    outer loop
      vertex -7 10.6511 124.757
      vertex -7 0 109
      vertex -7 9.79557 127.496
    endloop
  endfacet
  facet normal -1 0 0
    outer loop
      vertex -7 -13.5772 109
      vertex -7 9.79557 127.496
      vertex -7 0 109
    endloop
  endfacet
  facet normal -1 0 0
    outer loop
      vertex -7 17 7
      vertex -7 0 22.6
      vertex -7 0 46
    endloop
  endfacet
  facet normal -1 0 0
    outer loop
      vertex -7 17 7
      vertex -7 0 16
      vertex -7 0 22.6
    endloop
  endfacet
  facet normal -1 0 0
    outer loop
      vertex -7 -17 7
      vertex -7 0 16
      vertex -7 17 6
    endloop
  endfacet
  facet normal -1 -0 0
    outer loop
      vertex -7 0 16
      vertex -7 -17 7
      vertex -7 -16.698 16
    endloop
  endfacet
  facet normal -1 0 0
    outer loop
      vertex -7 -18.75 6
      vertex -7 -17 7
      vertex -7 17 6
    endloop
  endfacet
  facet normal -1 0 0
    outer loop
      vertex -7 -22 6.5
      vertex -7 -17 7
      vertex -7 -18.75 6
    endloop
  endfacet
  facet normal -1 0 0
    outer loop
      vertex -7 -17 7
      vertex -7 -19.6667 16
      vertex -7 -17 16
    endloop
  endfacet
  facet normal -1 -0 0
    outer loop
      vertex -7 -17 7
      vertex -7 -22 6.5
      vertex -7 -19.6667 16
    endloop
  endfacet
  facet normal -1 0 0
    outer loop
      vertex -7 -22 6.5
      vertex -7 -18.75 6
      vertex -7 -22 6
    endloop
  endfacet
  facet normal -1 0 0
    outer loop
      vertex -7 11.3378 149
      vertex -7 12 156
      vertex -7 12.2349 149
    endloop
  endfacet
  facet normal -1 0 0
    outer loop
      vertex -7 11.1026 148.449
      vertex -7 12 156
      vertex -7 11.3378 149
    endloop
  endfacet
  facet normal -1 0 0
    outer loop
      vertex -7 -12 156
      vertex -7 11.1026 148.449
      vertex -7 10.8222 147.791
    endloop
  endfacet
  facet normal -1 0 0
    outer loop
      vertex -7 -12 156
      vertex -7 10.8222 147.791
      vertex -7 10.6511 147.243
    endloop
  endfacet
  facet normal -1 0 0
    outer loop
      vertex -7 -12 156
      vertex -7 10.6511 147.243
      vertex -7 9.79557 144.504
    endloop
  endfacet
  facet normal -1 0 0
    outer loop
      vertex -7 -12 156
      vertex -7 9.79557 144.504
      vertex -7 9.16029 141.403
    endloop
  endfacet
  facet normal -1 0 0
    outer loop
      vertex -7 -12 156
      vertex -7 9.16029 141.403
      vertex -7 9.10561 141.136
    endloop
  endfacet
  facet normal -1 0 0
    outer loop
      vertex -7 17 7
      vertex -7 0 46
      vertex -7 0 51.4
    endloop
  endfacet
  facet normal -1 0 0
    outer loop
      vertex -7 17 7
      vertex -7 0 51.4
      vertex -7 0 76
    endloop
  endfacet
  facet normal -1 -0 0
    outer loop
      vertex -7 11.1026 123.551
      vertex -7 0 109
      vertex -7 10.8222 124.209
    endloop
  endfacet
  facet normal -1 -0 0
    outer loop
      vertex -7 9.79557 127.496
      vertex -7 -13.5772 109
      vertex -7 9.16029 130.597
    endloop
  endfacet
  facet normal -1 -0 0
    outer loop
      vertex -7 9.16029 130.597
      vertex -7 -13.5772 109
      vertex -7 9.10561 130.864
    endloop
  endfacet
  facet normal -1 -0 0
    outer loop
      vertex -7 9.10561 130.864
      vertex -7 -13.5772 109
      vertex -7 9.08051 131.112
    endloop
  endfacet
  facet normal -1 -0 0
    outer loop
      vertex -7 9.08051 131.112
      vertex -7 -13.5772 109
      vertex -7 8.75897 134.283
    endloop
  endfacet
  facet normal -1 0 -0
    outer loop
      vertex -7 -12 156
      vertex -7 8.75897 134.283
      vertex -7 -13.5772 109
    endloop
  endfacet
  facet normal -1 0 0
    outer loop
      vertex -7 8.75897 134.283
      vertex -7 -12 156
      vertex -7 8.75897 137.717
    endloop
  endfacet
  facet normal -1 0 0
    outer loop
      vertex -7 8.75897 137.717
      vertex -7 -12 156
      vertex -7 9.08051 140.888
    endloop
  endfacet
  facet normal -1 0 0
    outer loop
      vertex -7 11.1026 148.449
      vertex -7 -12 156
      vertex -7 12 156
    endloop
  endfacet
  facet normal -1 0 0
    outer loop
      vertex -7 9.08051 140.888
      vertex -7 -12 156
      vertex -7 9.10561 141.136
    endloop
  endfacet
  facet normal -1 0 0
    outer loop
      vertex -7 -17 22.6
      vertex -7 -17.7679 46
      vertex -7 -17 46
    endloop
  endfacet
  facet normal -1 0 0
    outer loop
      vertex -7 -19.6667 22.6
      vertex -7 -17.7679 46
      vertex -7 -17 22.6
    endloop
  endfacet
  facet normal -1 -0 0
    outer loop
      vertex -7 -19.6667 16
      vertex -7 -22 6.5
      vertex -7 -19.6667 22.6
    endloop
  endfacet
  facet normal -1 -0 0
    outer loop
      vertex -7 -19.6667 22.6
      vertex -7 -22 6.5
      vertex -7 -17.7679 46
    endloop
  endfacet
  facet normal 0 1 -0
    outer loop
      vertex 7 17 6
      vertex -7 17 7
      vertex 7 17 7
    endloop
  endfacet
  facet normal 0 1 0
    outer loop
      vertex -7 17 7
      vertex 7 17 6
      vertex -7 17 6
    endloop
  endfacet
  facet normal 1 -0 0
    outer loop
      vertex 7 -17.7679 46
      vertex 7 -17 22.6
      vertex 7 -17 46
    endloop
  endfacet
  facet normal 1 0 0
    outer loop
      vertex 7 -17.7679 46
      vertex 7 -19.6667 22.6
      vertex 7 -17 22.6
    endloop
  endfacet
  facet normal 1 0 0
    outer loop
      vertex 7 -19.6667 22.6
      vertex 7 -22 6.5
      vertex 7 -19.6667 16
    endloop
  endfacet
  facet normal 1 0 0
    outer loop
      vertex 7 -22 6.5
      vertex 7 -19.6667 22.6
      vertex 7 -17.7679 46
    endloop
  endfacet
  facet normal 1 -0 0
    outer loop
      vertex 7 -19.6667 16
      vertex 7 -17 7
      vertex 7 -17 16
    endloop
  endfacet
  facet normal 1 0 0
    outer loop
      vertex 7 -22 6.5
      vertex 7 -17 7
      vertex 7 -19.6667 16
    endloop
  endfacet
  facet normal 1 0 0
    outer loop
      vertex 7 -17 7
      vertex 7 -22 6.5
      vertex 7 -18.75 6
    endloop
  endfacet
  facet normal 1 0 0
    outer loop
      vertex 7 -18.75 6
      vertex 7 -22 6.5
      vertex 7 -22 6
    endloop
  endfacet
  facet normal 1 -0 0
    outer loop
      vertex 7 -15.6913 46
      vertex 7 0 22.6
      vertex 7 0 46
    endloop
  endfacet
  facet normal 1 0 0
    outer loop
      vertex 7 0 22.6
      vertex 7 -15.6913 46
      vertex 7 -16.4765 22.6
    endloop
  endfacet
  facet normal 1 -0 0
    outer loop
      vertex 7 -14.6846 76
      vertex 7 0 51.4
      vertex 7 0 76
    endloop
  endfacet
  facet normal 1 0 0
    outer loop
      vertex 7 0 51.4
      vertex 7 -14.6846 76
      vertex 7 -15.5101 51.4
    endloop
  endfacet
  facet normal 1 -0 0
    outer loop
      vertex 7 -13.6779 106
      vertex 7 0 80.2
      vertex 7 0 106
    endloop
  endfacet
  facet normal 1 0 0
    outer loop
      vertex 7 0 80.2
      vertex 7 -13.6779 106
      vertex 7 -14.5436 80.2
    endloop
  endfacet
  facet normal 1 0 0
    outer loop
      vertex 7 12 156
      vertex 7 11.3378 149
      vertex 7 12.2349 149
    endloop
  endfacet
  facet normal 1 0 0
    outer loop
      vertex 7 12 156
      vertex 7 11.1026 148.449
      vertex 7 11.3378 149
    endloop
  endfacet
  facet normal 1 -0 0
    outer loop
      vertex 7 -12 156
      vertex 7 11.1026 148.449
      vertex 7 12 156
    endloop
  endfacet
  facet normal 1 0 0
    outer loop
      vertex 7 11.1026 148.449
      vertex 7 -12 156
      vertex 7 10.8222 147.791
    endloop
  endfacet
  facet normal 1 0 0
    outer loop
      vertex 7 10.8222 147.791
      vertex 7 -12 156
      vertex 7 10.6511 147.243
    endloop
  endfacet
  facet normal 1 0 0
    outer loop
      vertex 7 10.6511 147.243
      vertex 7 -12 156
      vertex 7 9.79557 144.504
    endloop
  endfacet
  facet normal 1 0 0
    outer loop
      vertex 7 9.79557 144.504
      vertex 7 -12 156
      vertex 7 9.16029 141.403
    endloop
  endfacet
  facet normal 1 0 0
    outer loop
      vertex 7 -12 156
      vertex 7 8.75897 134.283
      vertex 7 8.75897 137.717
    endloop
  endfacet
  facet normal 1 0 0
    outer loop
      vertex 7 -12 156
      vertex 7 8.75897 137.717
      vertex 7 9.08051 140.888
    endloop
  endfacet
  facet normal 1 0 0
    outer loop
      vertex 7 -12 156
      vertex 7 9.08051 140.888
      vertex 7 9.10561 141.136
    endloop
  endfacet
  facet normal 1 0 0
    outer loop
      vertex 7 9.16029 141.403
      vertex 7 -12 156
      vertex 7 9.10561 141.136
    endloop
  endfacet
  facet normal 1 0 0
    outer loop
      vertex 7 8.75897 134.283
      vertex 7 -12 156
      vertex 7 -13.5772 109
    endloop
  endfacet
  facet normal 1 0 0
    outer loop
      vertex 7 8.75897 134.283
      vertex 7 -13.5772 109
      vertex 7 0 109
    endloop
  endfacet
  facet normal 1 -0 0
    outer loop
      vertex 7 0 76
      vertex 7 17 7
      vertex 7 13.1074 123
    endloop
  endfacet
  facet normal 1 0 0
    outer loop
      vertex 7 0 109
      vertex 7 13.1074 123
      vertex 7 11.3378 123
    endloop
  endfacet
  facet normal 1 0 0
    outer loop
      vertex 7 0 109
      vertex 7 11.3378 123
      vertex 7 11.1026 123.551
    endloop
  endfacet
  facet normal 1 0 0
    outer loop
      vertex 7 0 109
      vertex 7 11.1026 123.551
      vertex 7 10.8222 124.209
    endloop
  endfacet
  facet normal 1 0 0
    outer loop
      vertex 7 0 109
      vertex 7 10.8222 124.209
      vertex 7 10.6511 124.757
    endloop
  endfacet
  facet normal 1 0 0
    outer loop
      vertex 7 0 109
      vertex 7 10.6511 124.757
      vertex 7 9.79557 127.496
    endloop
  endfacet
  facet normal 1 0 0
    outer loop
      vertex 7 0 109
      vertex 7 9.79557 127.496
      vertex 7 9.16029 130.597
    endloop
  endfacet
  facet normal 1 0 0
    outer loop
      vertex 7 0 109
      vertex 7 9.16029 130.597
      vertex 7 9.10561 130.864
    endloop
  endfacet
  facet normal 1 0 0
    outer loop
      vertex 7 0 109
      vertex 7 9.10561 130.864
      vertex 7 9.08051 131.112
    endloop
  endfacet
  facet normal 1 0 0
    outer loop
      vertex 7 0 109
      vertex 7 9.08051 131.112
      vertex 7 8.75897 134.283
    endloop
  endfacet
  facet normal 1 0 0
    outer loop
      vertex 7 13.1074 123
      vertex 7 0 109
      vertex 7 0 106
    endloop
  endfacet
  facet normal 1 0 0
    outer loop
      vertex 7 13.1074 123
      vertex 7 0 106
      vertex 7 0 80.2
    endloop
  endfacet
  facet normal 1 0 0
    outer loop
      vertex 7 13.1074 123
      vertex 7 0 80.2
      vertex 7 0 76
    endloop
  endfacet
  facet normal 1 -0 0
    outer loop
      vertex 7 0 51.4
      vertex 7 17 7
      vertex 7 0 76
    endloop
  endfacet
  facet normal 1 -0 0
    outer loop
      vertex 7 0 46
      vertex 7 17 7
      vertex 7 0 51.4
    endloop
  endfacet
  facet normal 1 -0 0
    outer loop
      vertex 7 0 22.6
      vertex 7 17 7
      vertex 7 0 46
    endloop
  endfacet
  facet normal 1 -0 0
    outer loop
      vertex 7 0 16
      vertex 7 17 7
      vertex 7 0 22.6
    endloop
  endfacet
  facet normal 1 0 0
    outer loop
      vertex 7 17 7
      vertex 7 0 16
      vertex 7 17 6
    endloop
  endfacet
  facet normal 1 0 0
    outer loop
      vertex 7 -17 7
      vertex 7 0 16
      vertex 7 -16.698 16
    endloop
  endfacet
  facet normal 1 0 0
    outer loop
      vertex 7 0 16
      vertex 7 -17 7
      vertex 7 17 6
    endloop
  endfacet
  facet normal 1 0 0
    outer loop
      vertex 7 17 6
      vertex 7 -17 7
      vertex 7 -18.75 6
    endloop
  endfacet
  facet normal 0 -0.994309 0.106532
    outer loop
      vertex -7 -22 6.5
      vertex 7 -17.7679 46
      vertex -7 -17.7679 46
    endloop
  endfacet
  facet normal 0 -0.994309 0.106532
    outer loop
      vertex 7 -17.7679 46
      vertex -7 -22 6.5
      vertex 7 -22 6.5
    endloop
  endfacet
  facet normal 0 -1 0
    outer loop
      vertex -7 -22 6
      vertex 7 -22 6.5
      vertex -7 -22 6.5
    endloop
  endfacet
  facet normal 0 -1 -0
    outer loop
      vertex 7 -22 6.5
      vertex -7 -22 6
      vertex 7 -22 6
    endloop
  endfacet
  facet normal 0.232599 0.928343 -0.28996
    outer loop
      vertex -6.62353 9.70127 144.504
      vertex -7 10.6511 147.243
      vertex -6.42901 10.6792 147.791
    endloop
  endfacet
  facet normal 0.232539 0.928354 -0.289973
    outer loop
      vertex -7 10.6511 147.243
      vertex -6.62353 9.70127 144.504
      vertex -7 9.79557 144.504
    endloop
  endfacet
  facet normal -0.24185 0.965363 0.097888
    outer loop
      vertex 7 9.08051 131.112
      vertex 6.81994 8.71386 134.283
      vertex 7 8.75897 134.283
    endloop
  endfacet
  facet normal -0.241964 0.965336 0.0978783
    outer loop
      vertex 6.81994 8.71386 134.283
      vertex 7 9.08051 131.112
      vertex 6.75426 9.04406 130.864
    endloop
  endfacet
  facet normal -0.0469356 0.955893 0.28994
    outer loop
      vertex 3.32779 9.21239 127.496
      vertex 3.23006 10.2046 124.209
      vertex 0 10.046 124.209
    endloop
  endfacet
  facet normal -0.232509 0.928394 0.289869
    outer loop
      vertex 7 10.6511 124.757
      vertex 7 10.8222 124.209
      vertex 6.42901 10.6792 124.209
    endloop
  endfacet
  facet normal -0.0488316 0.994 0.0978769
    outer loop
      vertex 3.42647 8.21049 134.283
      vertex 3.39347 8.54553 130.864
      vertex 0 8.04216 134.283
    endloop
  endfacet
  facet normal -0.2418 0.965394 0.0977072
    outer loop
      vertex 7 9.08051 131.112
      vertex 7 9.10561 130.864
      vertex 6.75426 9.04406 130.864
    endloop
  endfacet
  facet normal 0.2418 0.965394 0.0977072
    outer loop
      vertex -6.75426 9.04406 130.864
      vertex -7 9.10561 130.864
      vertex -7 9.08051 131.112
    endloop
  endfacet
  facet normal -0.0488319 0.994 0.0978766
    outer loop
      vertex 3.39347 8.54553 130.864
      vertex 0 8.37882 130.864
      vertex 0 8.04216 134.283
    endloop
  endfacet
  facet normal 0.0469356 0.955893 -0.28994
    outer loop
      vertex -3.23006 10.2046 147.791
      vertex 0 10.046 147.791
      vertex -3.32779 9.21239 144.504
    endloop
  endfacet
  facet normal 0.13562 0.914053 -0.382249
    outer loop
      vertex -6.33133 11.1703 149
      vertex -5.1613 10.9967 149
      vertex -6.42901 10.6792 147.791
    endloop
  endfacet
  facet normal 0.0469356 0.955893 0.28994
    outer loop
      vertex 0 10.046 124.209
      vertex -3.23006 10.2046 124.209
      vertex -3.32779 9.21239 127.496
    endloop
  endfacet
  facet normal -0.238318 0.951427 -0.194912
    outer loop
      vertex 7 9.16029 141.403
      vertex 6.62353 9.70127 144.504
      vertex 7 9.79557 144.504
    endloop
  endfacet
  facet normal -0.238246 0.951446 -0.194907
    outer loop
      vertex 6.62353 9.70127 144.504
      vertex 7 9.16029 141.403
      vertex 6.75426 9.04406 141.136
    endloop
  endfacet
  facet normal 0.0481265 0.97964 0.194906
    outer loop
      vertex 0 8.37882 130.864
      vertex -3.32779 9.21239 127.496
      vertex -3.39347 8.54553 130.864
    endloop
  endfacet
  facet normal -0.0453711 0.92292 0.382308
    outer loop
      vertex 1.1814 10.6047 123
      vertex 3.23006 10.2046 124.209
      vertex 3.18098 10.703 123
    endloop
  endfacet
  facet normal -0.0453183 0.922955 0.38223
    outer loop
      vertex 3.23006 10.2046 124.209
      vertex 1.1814 10.6047 123
      vertex 0 10.046 124.209
    endloop
  endfacet
  facet normal 0.238318 0.951427 -0.194912
    outer loop
      vertex -6.62353 9.70127 144.504
      vertex -7 9.16029 141.403
      vertex -7 9.79557 144.504
    endloop
  endfacet
  facet normal 0.238246 0.951446 -0.194907
    outer loop
      vertex -7 9.16029 141.403
      vertex -6.62353 9.70127 144.504
      vertex -6.75426 9.04406 141.136
    endloop
  endfacet
  facet normal -0.0488319 0.994 -0.0978766
    outer loop
      vertex 0 8.37882 141.136
      vertex 3.39347 8.54553 141.136
      vertex 0 8.04216 137.717
    endloop
  endfacet
  facet normal -0.243017 0.970022 0
    outer loop
      vertex 7 8.75897 134.283
      vertex 6.81994 8.71386 137.717
      vertex 7 8.75897 137.717
    endloop
  endfacet
  facet normal -0.243017 0.970022 0
    outer loop
      vertex 6.81994 8.71386 137.717
      vertex 7 8.75897 134.283
      vertex 6.81994 8.71386 134.283
    endloop
  endfacet
  facet normal -0.140451 0.946683 -0.28994
    outer loop
      vertex 6.42901 10.6792 147.791
      vertex 3.32779 9.21239 144.504
      vertex 3.23006 10.2046 147.791
    endloop
  endfacet
  facet normal -0.146027 0.984427 -0.0978791
    outer loop
      vertex 6.75426 9.04406 141.136
      vertex 6.81994 8.71386 137.717
      vertex 3.39347 8.54553 141.136
    endloop
  endfacet
  facet normal 0.0469585 0.955886 -0.289962
    outer loop
      vertex 0 10.046 147.791
      vertex 0 9.04891 144.504
      vertex -3.32779 9.21239 144.504
    endloop
  endfacet
  facet normal 0.238246 0.951446 0.194907
    outer loop
      vertex -6.62353 9.70127 127.496
      vertex -7 9.16029 130.597
      vertex -6.75426 9.04406 130.864
    endloop
  endfacet
  facet normal 0.238318 0.951427 0.194912
    outer loop
      vertex -7 9.16029 130.597
      vertex -6.62353 9.70127 127.496
      vertex -7 9.79557 127.496
    endloop
  endfacet
  facet normal -0.0481255 0.97964 0.194907
    outer loop
      vertex 3.32779 9.21239 127.496
      vertex 0 9.04891 127.496
      vertex 0 8.37882 130.864
    endloop
  endfacet
  facet normal 0.146027 0.984427 0.0978791
    outer loop
      vertex -3.39347 8.54553 130.864
      vertex -6.75426 9.04406 130.864
      vertex -6.81994 8.71386 134.283
    endloop
  endfacet
  facet normal 0.232539 0.928354 0.289973
    outer loop
      vertex -6.62353 9.70127 127.496
      vertex -7 10.6511 124.757
      vertex -7 9.79557 127.496
    endloop
  endfacet
  facet normal 0.232599 0.928343 0.28996
    outer loop
      vertex -7 10.6511 124.757
      vertex -6.62353 9.70127 127.496
      vertex -6.42901 10.6792 124.209
    endloop
  endfacet
  facet normal -0.0481265 0.97964 0.194906
    outer loop
      vertex 3.39347 8.54553 130.864
      vertex 3.32779 9.21239 127.496
      vertex 0 8.37882 130.864
    endloop
  endfacet
  facet normal -0.146027 0.984427 0.0978791
    outer loop
      vertex 6.81994 8.71386 134.283
      vertex 6.75426 9.04406 130.864
      vertex 3.39347 8.54553 130.864
    endloop
  endfacet
  facet normal -0.232539 0.928354 -0.289973
    outer loop
      vertex 6.62353 9.70127 144.504
      vertex 7 10.6511 147.243
      vertex 7 9.79557 144.504
    endloop
  endfacet
  facet normal -0.232599 0.928343 -0.28996
    outer loop
      vertex 7 10.6511 147.243
      vertex 6.62353 9.70127 144.504
      vertex 6.42901 10.6792 147.791
    endloop
  endfacet
  facet normal -0.146729 0.989177 0
    outer loop
      vertex 6.81994 8.71386 134.283
      vertex 3.42647 8.21049 137.717
      vertex 6.81994 8.71386 137.717
    endloop
  endfacet
  facet normal -0.146729 0.989177 0
    outer loop
      vertex 3.42647 8.21049 137.717
      vertex 6.81994 8.71386 134.283
      vertex 3.42647 8.21049 134.283
    endloop
  endfacet
  facet normal -0.0453713 0.92292 -0.382308
    outer loop
      vertex 3.23006 10.2046 147.791
      vertex 1.18141 10.6047 149
      vertex 3.18098 10.703 149
    endloop
  endfacet
  facet normal -0.0453183 0.922955 -0.38223
    outer loop
      vertex 1.18141 10.6047 149
      vertex 3.23006 10.2046 147.791
      vertex 0 10.046 147.791
    endloop
  endfacet
  facet normal 0.0453183 0.922955 -0.38223
    outer loop
      vertex -3.23006 10.2046 147.791
      vertex -1.18141 10.6047 149
      vertex 0 10.046 147.791
    endloop
  endfacet
  facet normal 0.0453713 0.92292 -0.382308
    outer loop
      vertex -1.18141 10.6047 149
      vertex -3.23006 10.2046 147.791
      vertex -3.18098 10.703 149
    endloop
  endfacet
  facet normal -0.224505 0.896236 -0.382568
    outer loop
      vertex 7 11.1026 148.449
      vertex 6.33133 11.1703 149
      vertex 7 11.3378 149
    endloop
  endfacet
  facet normal -0.224225 0.89644 -0.382253
    outer loop
      vertex 6.33133 11.1703 149
      vertex 7 11.1026 148.449
      vertex 6.42901 10.6792 147.791
    endloop
  endfacet
  facet normal 0.0481265 0.97964 -0.194906
    outer loop
      vertex -3.32779 9.21239 144.504
      vertex 0 8.37882 141.136
      vertex -3.39347 8.54553 141.136
    endloop
  endfacet
  facet normal 0.146729 0.989177 -0
    outer loop
      vertex -3.42647 8.21049 134.283
      vertex -6.81994 8.71386 137.717
      vertex -3.42647 8.21049 137.717
    endloop
  endfacet
  facet normal 0.146729 0.989177 0
    outer loop
      vertex -6.81994 8.71386 137.717
      vertex -3.42647 8.21049 134.283
      vertex -6.81994 8.71386 134.283
    endloop
  endfacet
  facet normal 0.0488316 0.994 -0.0978769
    outer loop
      vertex -3.39347 8.54553 141.136
      vertex 0 8.04216 137.717
      vertex -3.42647 8.21049 137.717
    endloop
  endfacet
  facet normal 0.238306 0.951443 0.19485
    outer loop
      vertex -6.75426 9.04406 130.864
      vertex -7 9.16029 130.597
      vertex -7 9.10561 130.864
    endloop
  endfacet
  facet normal -0.232539 0.928354 0.289973
    outer loop
      vertex 7 10.6511 124.757
      vertex 6.62353 9.70127 127.496
      vertex 7 9.79557 127.496
    endloop
  endfacet
  facet normal -0.232599 0.928343 0.28996
    outer loop
      vertex 6.62353 9.70127 127.496
      vertex 7 10.6511 124.757
      vertex 6.42901 10.6792 124.209
    endloop
  endfacet
  facet normal 0.13556 0.914037 0.382307
    outer loop
      vertex -5.1613 10.9967 123
      vertex -3.23006 10.2046 124.209
      vertex -3.18098 10.703 123
    endloop
  endfacet
  facet normal 0.135611 0.914058 0.38224
    outer loop
      vertex -3.23006 10.2046 124.209
      vertex -5.1613 10.9967 123
      vertex -6.42901 10.6792 124.209
    endloop
  endfacet
  facet normal 0.13562 0.914053 0.382249
    outer loop
      vertex -5.1613 10.9967 123
      vertex -6.33133 11.1703 123
      vertex -6.42901 10.6792 124.209
    endloop
  endfacet
  facet normal 0.0481255 0.97964 0.194907
    outer loop
      vertex 0 8.37882 130.864
      vertex 0 9.04891 127.496
      vertex -3.32779 9.21239 127.496
    endloop
  endfacet
  facet normal 0.0488319 0.994 0.0978766
    outer loop
      vertex 0 8.04216 134.283
      vertex 0 8.37882 130.864
      vertex -3.39347 8.54553 130.864
    endloop
  endfacet
  facet normal -0.143918 0.970206 0.194906
    outer loop
      vertex 3.39347 8.54553 130.864
      vertex 6.75426 9.04406 130.864
      vertex 3.32779 9.21239 127.496
    endloop
  endfacet
  facet normal -0.146025 0.984427 -0.097877
    outer loop
      vertex 6.81994 8.71386 137.717
      vertex 3.42647 8.21049 137.717
      vertex 3.39347 8.54553 141.136
    endloop
  endfacet
  facet normal 0.140451 0.946683 -0.28994
    outer loop
      vertex -3.23006 10.2046 147.791
      vertex -3.32779 9.21239 144.504
      vertex -6.42901 10.6792 147.791
    endloop
  endfacet
  facet normal 0.24185 0.965363 0.097888
    outer loop
      vertex -6.81994 8.71386 134.283
      vertex -7 9.08051 131.112
      vertex -7 8.75897 134.283
    endloop
  endfacet
  facet normal 0.241964 0.965336 0.0978783
    outer loop
      vertex -7 9.08051 131.112
      vertex -6.81994 8.71386 134.283
      vertex -6.75426 9.04406 130.864
    endloop
  endfacet
  facet normal 0.146025 0.984427 -0.097877
    outer loop
      vertex -3.39347 8.54553 141.136
      vertex -3.42647 8.21049 137.717
      vertex -6.81994 8.71386 137.717
    endloop
  endfacet
  facet normal -0.0488316 0.994 -0.0978769
    outer loop
      vertex 3.39347 8.54553 141.136
      vertex 3.42647 8.21049 137.717
      vertex 0 8.04216 137.717
    endloop
  endfacet
  facet normal 0.0481255 0.97964 -0.194907
    outer loop
      vertex 0 9.04891 144.504
      vertex 0 8.37882 141.136
      vertex -3.32779 9.21239 144.504
    endloop
  endfacet
  facet normal -0.24185 0.965363 -0.097888
    outer loop
      vertex 6.81994 8.71386 137.717
      vertex 7 9.08051 140.888
      vertex 7 8.75897 137.717
    endloop
  endfacet
  facet normal -0.241964 0.965336 -0.0978783
    outer loop
      vertex 7 9.08051 140.888
      vertex 6.81994 8.71386 137.717
      vertex 6.75426 9.04406 141.136
    endloop
  endfacet
  facet normal -0.2418 0.965394 -0.0977072
    outer loop
      vertex 7 9.10561 141.136
      vertex 7 9.08051 140.888
      vertex 6.75426 9.04406 141.136
    endloop
  endfacet
  facet normal -0.232509 0.928394 -0.289869
    outer loop
      vertex 7 10.8222 147.791
      vertex 7 10.6511 147.243
      vertex 6.42901 10.6792 147.791
    endloop
  endfacet
  facet normal -0.224513 0.896468 -0.382021
    outer loop
      vertex 7 11.1026 148.449
      vertex 7 10.8222 147.791
      vertex 6.42901 10.6792 147.791
    endloop
  endfacet
  facet normal 0.143918 0.970206 -0.194906
    outer loop
      vertex -3.32779 9.21239 144.504
      vertex -3.39347 8.54553 141.136
      vertex -6.75426 9.04406 141.136
    endloop
  endfacet
  facet normal 0.243017 0.970022 -0
    outer loop
      vertex -6.81994 8.71386 134.283
      vertex -7 8.75897 137.717
      vertex -6.81994 8.71386 137.717
    endloop
  endfacet
  facet normal 0.243017 0.970022 0
    outer loop
      vertex -7 8.75897 137.717
      vertex -6.81994 8.71386 134.283
      vertex -7 8.75897 134.283
    endloop
  endfacet
  facet normal 0.146025 0.984427 0.097877
    outer loop
      vertex -3.42647 8.21049 134.283
      vertex -3.39347 8.54553 130.864
      vertex -6.81994 8.71386 134.283
    endloop
  endfacet
  facet normal 0.0488316 0.994 0.0978769
    outer loop
      vertex 0 8.04216 134.283
      vertex -3.39347 8.54553 130.864
      vertex -3.42647 8.21049 134.283
    endloop
  endfacet
  facet normal -0.224513 0.896468 0.382021
    outer loop
      vertex 7 10.8222 124.209
      vertex 7 11.1026 123.551
      vertex 6.42901 10.6792 124.209
    endloop
  endfacet
  facet normal -0.13562 0.914053 0.382249
    outer loop
      vertex 6.42901 10.6792 124.209
      vertex 6.33133 11.1703 123
      vertex 5.1613 10.9967 123
    endloop
  endfacet
  facet normal 0.143917 0.970206 0.194906
    outer loop
      vertex -3.32779 9.21239 127.496
      vertex -6.62353 9.70127 127.496
      vertex -6.75426 9.04406 130.864
    endloop
  endfacet
  facet normal 0.143918 0.970206 0.194906
    outer loop
      vertex -3.39347 8.54553 130.864
      vertex -3.32779 9.21239 127.496
      vertex -6.75426 9.04406 130.864
    endloop
  endfacet
  facet normal 0.224225 0.89644 0.382253
    outer loop
      vertex -6.33133 11.1703 123
      vertex -7 11.1026 123.551
      vertex -6.42901 10.6792 124.209
    endloop
  endfacet
  facet normal 0.224505 0.896236 0.382568
    outer loop
      vertex -7 11.1026 123.551
      vertex -6.33133 11.1703 123
      vertex -7 11.3378 123
    endloop
  endfacet
  facet normal 0.224513 0.896468 0.382021
    outer loop
      vertex -6.42901 10.6792 124.209
      vertex -7 11.1026 123.551
      vertex -7 10.8222 124.209
    endloop
  endfacet
  facet normal -0.0453117 0.922953 0.382236
    outer loop
      vertex 1.1814 10.6047 123
      vertex 0 10.5467 123
      vertex 0 10.046 124.209
    endloop
  endfacet
  facet normal 0.0453183 0.922955 0.38223
    outer loop
      vertex -1.1814 10.6047 123
      vertex -3.23006 10.2046 124.209
      vertex 0 10.046 124.209
    endloop
  endfacet
  facet normal 0.0453711 0.92292 0.382308
    outer loop
      vertex -3.23006 10.2046 124.209
      vertex -1.1814 10.6047 123
      vertex -3.18098 10.703 123
    endloop
  endfacet
  facet normal 0.140428 0.94668 0.289961
    outer loop
      vertex -3.32779 9.21239 127.496
      vertex -6.42901 10.6792 124.209
      vertex -6.62353 9.70127 127.496
    endloop
  endfacet
  facet normal 0.140451 0.946683 0.28994
    outer loop
      vertex -3.32779 9.21239 127.496
      vertex -3.23006 10.2046 124.209
      vertex -6.42901 10.6792 124.209
    endloop
  endfacet
  facet normal -0.140428 0.94668 0.289961
    outer loop
      vertex 6.62353 9.70127 127.496
      vertex 6.42901 10.6792 124.209
      vertex 3.32779 9.21239 127.496
    endloop
  endfacet
  facet normal -0.238306 0.951443 0.19485
    outer loop
      vertex 7 9.10561 130.864
      vertex 7 9.16029 130.597
      vertex 6.75426 9.04406 130.864
    endloop
  endfacet
  facet normal 0.224505 0.896236 -0.382568
    outer loop
      vertex -6.33133 11.1703 149
      vertex -7 11.1026 148.449
      vertex -7 11.3378 149
    endloop
  endfacet
  facet normal 0.224225 0.89644 -0.382253
    outer loop
      vertex -7 11.1026 148.449
      vertex -6.33133 11.1703 149
      vertex -6.42901 10.6792 147.791
    endloop
  endfacet
  facet normal 0.224513 0.896468 -0.382021
    outer loop
      vertex -7 11.1026 148.449
      vertex -6.42901 10.6792 147.791
      vertex -7 10.8222 147.791
    endloop
  endfacet
  facet normal -0.135611 0.914058 -0.38224
    outer loop
      vertex 3.23006 10.2046 147.791
      vertex 5.1613 10.9967 149
      vertex 6.42901 10.6792 147.791
    endloop
  endfacet
  facet normal -0.13556 0.914037 -0.382307
    outer loop
      vertex 5.1613 10.9967 149
      vertex 3.23006 10.2046 147.791
      vertex 3.18098 10.703 149
    endloop
  endfacet
  facet normal -0.13562 0.914053 -0.382249
    outer loop
      vertex 6.33133 11.1703 149
      vertex 6.42901 10.6792 147.791
      vertex 5.1613 10.9967 149
    endloop
  endfacet
  facet normal -0.0453114 0.922953 -0.382236
    outer loop
      vertex 0 10.5467 149
      vertex 1.18141 10.6047 149
      vertex 0 10.046 147.791
    endloop
  endfacet
  facet normal 0.0453114 0.922953 -0.382236
    outer loop
      vertex 0 10.5467 149
      vertex 0 10.046 147.791
      vertex -1.18141 10.6047 149
    endloop
  endfacet
  facet normal -0.143918 0.970206 -0.194906
    outer loop
      vertex 6.75426 9.04406 141.136
      vertex 3.39347 8.54553 141.136
      vertex 3.32779 9.21239 144.504
    endloop
  endfacet
  facet normal -0.238306 0.951443 -0.19485
    outer loop
      vertex 7 9.16029 141.403
      vertex 7 9.10561 141.136
      vertex 6.75426 9.04406 141.136
    endloop
  endfacet
  facet normal -0.0469356 0.955893 -0.28994
    outer loop
      vertex 3.23006 10.2046 147.791
      vertex 3.32779 9.21239 144.504
      vertex 0 10.046 147.791
    endloop
  endfacet
  facet normal -0.0469585 0.955886 -0.289962
    outer loop
      vertex 0 10.046 147.791
      vertex 3.32779 9.21239 144.504
      vertex 0 9.04891 144.504
    endloop
  endfacet
  facet normal 0.232509 0.928394 -0.289869
    outer loop
      vertex -7 10.8222 147.791
      vertex -6.42901 10.6792 147.791
      vertex -7 10.6511 147.243
    endloop
  endfacet
  facet normal 0.140428 0.94668 -0.289961
    outer loop
      vertex -6.42901 10.6792 147.791
      vertex -3.32779 9.21239 144.504
      vertex -6.62353 9.70127 144.504
    endloop
  endfacet
  facet normal 0.13556 0.914037 -0.382307
    outer loop
      vertex -3.23006 10.2046 147.791
      vertex -5.1613 10.9967 149
      vertex -3.18098 10.703 149
    endloop
  endfacet
  facet normal 0.135611 0.914058 -0.38224
    outer loop
      vertex -5.1613 10.9967 149
      vertex -3.23006 10.2046 147.791
      vertex -6.42901 10.6792 147.791
    endloop
  endfacet
  facet normal 0.241964 0.965336 -0.0978783
    outer loop
      vertex -6.81994 8.71386 137.717
      vertex -7 9.08051 140.888
      vertex -6.75426 9.04406 141.136
    endloop
  endfacet
  facet normal 0.24185 0.965363 -0.097888
    outer loop
      vertex -7 9.08051 140.888
      vertex -6.81994 8.71386 137.717
      vertex -7 8.75897 137.717
    endloop
  endfacet
  facet normal 0.146027 0.984427 -0.0978791
    outer loop
      vertex -6.75426 9.04406 141.136
      vertex -3.39347 8.54553 141.136
      vertex -6.81994 8.71386 137.717
    endloop
  endfacet
  facet normal 0.0490672 0.998795 -0
    outer loop
      vertex 0 8.04216 134.283
      vertex -3.42647 8.21049 137.717
      vertex 0 8.04216 137.717
    endloop
  endfacet
  facet normal 0.0490672 0.998795 0
    outer loop
      vertex -3.42647 8.21049 137.717
      vertex 0 8.04216 134.283
      vertex -3.42647 8.21049 134.283
    endloop
  endfacet
  facet normal 0.143917 0.970206 -0.194906
    outer loop
      vertex -6.62353 9.70127 144.504
      vertex -3.32779 9.21239 144.504
      vertex -6.75426 9.04406 141.136
    endloop
  endfacet
  facet normal 0.0488319 0.994 -0.0978766
    outer loop
      vertex 0 8.37882 141.136
      vertex 0 8.04216 137.717
      vertex -3.39347 8.54553 141.136
    endloop
  endfacet
  facet normal -0.224505 0.896236 0.382568
    outer loop
      vertex 6.33133 11.1703 123
      vertex 7 11.1026 123.551
      vertex 7 11.3378 123
    endloop
  endfacet
  facet normal -0.224225 0.89644 0.382253
    outer loop
      vertex 7 11.1026 123.551
      vertex 6.33133 11.1703 123
      vertex 6.42901 10.6792 124.209
    endloop
  endfacet
  facet normal -0.135611 0.914058 0.38224
    outer loop
      vertex 5.1613 10.9967 123
      vertex 3.23006 10.2046 124.209
      vertex 6.42901 10.6792 124.209
    endloop
  endfacet
  facet normal -0.13556 0.914037 0.382307
    outer loop
      vertex 3.23006 10.2046 124.209
      vertex 5.1613 10.9967 123
      vertex 3.18098 10.703 123
    endloop
  endfacet
  facet normal -0.140451 0.946683 0.28994
    outer loop
      vertex 3.32779 9.21239 127.496
      vertex 6.42901 10.6792 124.209
      vertex 3.23006 10.2046 124.209
    endloop
  endfacet
  facet normal 0.232509 0.928394 0.289869
    outer loop
      vertex -6.42901 10.6792 124.209
      vertex -7 10.8222 124.209
      vertex -7 10.6511 124.757
    endloop
  endfacet
  facet normal 0.0469585 0.955886 0.289962
    outer loop
      vertex 0 9.04891 127.496
      vertex 0 10.046 124.209
      vertex -3.32779 9.21239 127.496
    endloop
  endfacet
  facet normal -0.0469585 0.955886 0.289962
    outer loop
      vertex 3.32779 9.21239 127.496
      vertex 0 10.046 124.209
      vertex 0 9.04891 127.496
    endloop
  endfacet
  facet normal -0.146025 0.984427 0.097877
    outer loop
      vertex 3.42647 8.21049 134.283
      vertex 6.81994 8.71386 134.283
      vertex 3.39347 8.54553 130.864
    endloop
  endfacet
  facet normal -0.238318 0.951427 0.194912
    outer loop
      vertex 6.62353 9.70127 127.496
      vertex 7 9.16029 130.597
      vertex 7 9.79557 127.496
    endloop
  endfacet
  facet normal -0.238246 0.951446 0.194907
    outer loop
      vertex 7 9.16029 130.597
      vertex 6.62353 9.70127 127.496
      vertex 6.75426 9.04406 130.864
    endloop
  endfacet
  facet normal -0.143917 0.970206 0.194906
    outer loop
      vertex 6.75426 9.04406 130.864
      vertex 6.62353 9.70127 127.496
      vertex 3.32779 9.21239 127.496
    endloop
  endfacet
  facet normal -0.140428 0.94668 -0.289961
    outer loop
      vertex 6.42901 10.6792 147.791
      vertex 6.62353 9.70127 144.504
      vertex 3.32779 9.21239 144.504
    endloop
  endfacet
  facet normal -0.143917 0.970206 -0.194906
    outer loop
      vertex 6.62353 9.70127 144.504
      vertex 6.75426 9.04406 141.136
      vertex 3.32779 9.21239 144.504
    endloop
  endfacet
  facet normal 0.238306 0.951443 -0.19485
    outer loop
      vertex -7 9.16029 141.403
      vertex -6.75426 9.04406 141.136
      vertex -7 9.10561 141.136
    endloop
  endfacet
  facet normal 0.2418 0.965394 -0.0977072
    outer loop
      vertex -7 9.10561 141.136
      vertex -6.75426 9.04406 141.136
      vertex -7 9.08051 140.888
    endloop
  endfacet
  facet normal -0.0481265 0.97964 -0.194906
    outer loop
      vertex 3.32779 9.21239 144.504
      vertex 3.39347 8.54553 141.136
      vertex 0 8.37882 141.136
    endloop
  endfacet
  facet normal -0.0481255 0.97964 -0.194907
    outer loop
      vertex 0 9.04891 144.504
      vertex 3.32779 9.21239 144.504
      vertex 0 8.37882 141.136
    endloop
  endfacet
  facet normal -0.0490672 0.998795 0
    outer loop
      vertex 3.42647 8.21049 134.283
      vertex 0 8.04216 137.717
      vertex 3.42647 8.21049 137.717
    endloop
  endfacet
  facet normal -0.0490672 0.998795 0
    outer loop
      vertex 0 8.04216 137.717
      vertex 3.42647 8.21049 134.283
      vertex 0 8.04216 134.283
    endloop
  endfacet
  facet normal 0.0453117 0.922953 0.382236
    outer loop
      vertex 0 10.046 124.209
      vertex 0 10.5467 123
      vertex -1.1814 10.6047 123
    endloop
  endfacet
  facet normal 0 0 -1
    outer loop
      vertex 6.33133 11.1703 149
      vertex 7 12.2349 149
      vertex 7 11.3378 149
    endloop
  endfacet
  facet normal 0 0 -1
    outer loop
      vertex 5.1613 10.9967 149
      vertex 7 12.2349 149
      vertex 6.33133 11.1703 149
    endloop
  endfacet
  facet normal 0 0 -1
    outer loop
      vertex 3.18098 10.703 149
      vertex 7 12.2349 149
      vertex 5.1613 10.9967 149
    endloop
  endfacet
  facet normal 0 0 -1
    outer loop
      vertex 1.18141 10.6047 149
      vertex 7 12.2349 149
      vertex 3.18098 10.703 149
    endloop
  endfacet
  facet normal 0 0 -1
    outer loop
      vertex -1.18141 10.6047 149
      vertex 1.18141 10.6047 149
      vertex 0 10.5467 149
    endloop
  endfacet
  facet normal 0 0 -1
    outer loop
      vertex 1.18141 10.6047 149
      vertex -1.18141 10.6047 149
      vertex 7 12.2349 149
    endloop
  endfacet
  facet normal 0 0 -1
    outer loop
      vertex -7 12.2349 149
      vertex -1.18141 10.6047 149
      vertex -3.18098 10.703 149
    endloop
  endfacet
  facet normal 0 0 -1
    outer loop
      vertex -7 12.2349 149
      vertex -3.18098 10.703 149
      vertex -5.1613 10.9967 149
    endloop
  endfacet
  facet normal 0 0 -1
    outer loop
      vertex -7 12.2349 149
      vertex -5.1613 10.9967 149
      vertex -6.33133 11.1703 149
    endloop
  endfacet
  facet normal 0 0 -1
    outer loop
      vertex -7 12.2349 149
      vertex -6.33133 11.1703 149
      vertex -7 11.3378 149
    endloop
  endfacet
  facet normal 0 0 -1
    outer loop
      vertex -1.18141 10.6047 149
      vertex -7 12.2349 149
      vertex 7 12.2349 149
    endloop
  endfacet
  facet normal 0 0 1
    outer loop
      vertex 7 13.1074 123
      vertex 6.33133 11.1703 123
      vertex 7 11.3378 123
    endloop
  endfacet
  facet normal 0 0 1
    outer loop
      vertex 7 13.1074 123
      vertex 5.1613 10.9967 123
      vertex 6.33133 11.1703 123
    endloop
  endfacet
  facet normal 0 0 1
    outer loop
      vertex 7 13.1074 123
      vertex 3.18098 10.703 123
      vertex 5.1613 10.9967 123
    endloop
  endfacet
  facet normal 0 0 1
    outer loop
      vertex 7 13.1074 123
      vertex 1.1814 10.6047 123
      vertex 3.18098 10.703 123
    endloop
  endfacet
  facet normal 0 0 1
    outer loop
      vertex 7 13.1074 123
      vertex 0 10.5467 123
      vertex 1.1814 10.6047 123
    endloop
  endfacet
  facet normal 0 0 1
    outer loop
      vertex 7 13.1074 123
      vertex -1.1814 10.6047 123
      vertex 0 10.5467 123
    endloop
  endfacet
  facet normal -0 0 1
    outer loop
      vertex -7 13.1074 123
      vertex -1.1814 10.6047 123
      vertex 7 13.1074 123
    endloop
  endfacet
  facet normal 0 0 1
    outer loop
      vertex -1.1814 10.6047 123
      vertex -7 13.1074 123
      vertex -3.18098 10.703 123
    endloop
  endfacet
  facet normal 0 0 1
    outer loop
      vertex -3.18098 10.703 123
      vertex -7 13.1074 123
      vertex -5.1613 10.9967 123
    endloop
  endfacet
  facet normal 0 0 1
    outer loop
      vertex -5.1613 10.9967 123
      vertex -7 13.1074 123
      vertex -6.33133 11.1703 123
    endloop
  endfacet
  facet normal 0 0 1
    outer loop
      vertex -6.33133 11.1703 123
      vertex -7 13.1074 123
      vertex -7 11.3378 123
    endloop
  endfacet
endsolid OpenSCAD_Model
